year,zone_index,zone_name,mean_tmax_MAMJ,p95_tmax_MAMJ,hot_days_ge_38C,onset_doy_ge_38C
1980,0,Andaman & Nicobar,29.48501205444336,30.7851487159729,0,
1980,1,Andhra Pradesh,36.602806091308594,41.37134437561035,49,83.0
1980,2,Assam,28.479902267456055,31.295429039001466,0,
1980,3,Chandigarh,34.445499420166016,40.890350341796875,42,110.0
1980,4,Dadra and Nagar Haveli,34.33285140991211,38.512435340881346,13,87.0
1980,5,Delhi,36.28593444824219,42.93639869689942,65,103.0
1980,6,Gujarat,36.575843811035156,40.419812774658205,57,94.0
1980,7,Haryana,36.08835983276367,42.444322395324704,64,108.0
1980,8,Himachal Pradesh,10.813714981079102,18.139328765869138,0,
1980,9,Jammu and Kashmir,1.3715568780899048,12.002329540252685,0,
1980,10,Kerala,30.217451095581055,33.704872322082515,0,
1980,12,Maharashtra,36.212852478027344,40.247117614746095,54,99.0
1980,13,Manipur,26.27215003967285,29.86767997741699,0,
1980,14,Meghalaya,26.625438690185547,29.606313991546628,0,
1980,15,Karnataka,33.277557373046875,36.50565872192383,0,
1980,16,Nagaland,24.434316635131836,27.01040515899658,0,
1980,17,Orissa,35.842735290527344,40.95809917449951,45,101.0
1980,18,Pondicherry,32.98831558227539,36.55197296142578,1,146.0
1980,19,Punjab,35.50240707397461,42.36776008605957,61,108.0
1980,20,Rajasthan,37.34334945678711,42.30599098205566,73,98.0
1980,21,Tamil Nadu,35.006141662597656,38.24592895507812,8,131.0
1980,22,Tripura,31.181394577026367,35.0785608291626,0,
1980,23,West Bengal,33.8652229309082,39.07576866149902,17,100.0
1980,24,Sikkim,9.027030944824219,14.081401252746579,0,
1980,25,Arunachal Pradesh,16.708311080932617,21.893515014648436,0,
1980,26,Mizoram,29.52568817138672,33.509103012084964,0,
1980,27,Daman and Diu,33.94103240966797,37.85410652160645,5,97.0
1980,28,Goa,31.51618766784668,34.392262840270995,0,
1980,29,Bihar,35.51435852050781,41.46041564941406,42,98.0
1980,30,Madhya Pradesh,36.81105422973633,41.90529117584229,56,99.0
1980,31,Uttar Pradesh,33.45918273925781,38.948210906982425,28,110.0
1981,0,Andaman & Nicobar,29.151145935058594,30.17300329208374,0,
1981,1,Andhra Pradesh,36.210662841796875,40.13004817962646,27,100.0
1981,2,Assam,28.72803497314453,31.916818714141844,0,
1981,3,Chandigarh,33.76247024536133,41.03682250976562,41,116.0
1981,4,Dadra and Nagar Haveli,34.44960021972656,38.30467948913574,8,98.0
1981,5,Delhi,36.352638244628906,42.98284339904785,61,100.0
1981,6,Gujarat,36.626888275146484,39.799167251586915,53,99.0
1981,7,Haryana,36.05754852294922,42.76754360198974,61,101.0
1981,8,Himachal Pradesh,10.700392723083496,18.305476093292235,0,
1981,9,Jammu and Kashmir,1.1944798231124878,11.050818300247187,0,
1981,10,Kerala,30.112462997436523,33.80556163787842,0,
1981,12,Maharashtra,36.31655502319336,40.023367691040036,37,98.0
1981,13,Manipur,25.299978256225586,28.043853759765625,0,
1981,14,Meghalaya,26.13113784790039,28.78446102142334,0,
1981,15,Karnataka,32.972957611083984,36.38127822875976,0,
1981,16,Nagaland,24.110734939575195,27.501400947570797,0,
1981,17,Orissa,34.70619201660156,38.36738452911377,11,100.0
1981,18,Pondicherry,33.00259017944336,35.95359878540039,0,
1981,19,Punjab,35.035606384277344,42.89831047058105,55,103.0
1981,20,Rajasthan,37.400779724121094,42.83384971618652,69,100.0
1981,21,Tamil Nadu,34.71726608276367,37.87308139801025,4,105.0
1981,22,Tripura,29.970821380615234,32.395442962646484,0,
1981,23,West Bengal,31.637292861938477,34.5931697845459,0,
1981,24,Sikkim,8.347430229187012,13.47693452835083,0,
1981,25,Arunachal Pradesh,16.722808837890625,22.096126079559323,0,
1981,26,Mizoram,27.83403778076172,30.17458400726318,0,
1981,27,Daman and Diu,33.885379791259766,37.61394729614258,4,102.0
1981,28,Goa,31.6151123046875,34.564436721801755,0,
1981,29,Bihar,33.766258239746094,37.73277835845947,6,135.0
1981,30,Madhya Pradesh,36.402862548828125,41.13352279663086,60,100.0
1981,31,Uttar Pradesh,32.367942810058594,37.94023685455322,6,135.0
1982,0,Andaman & Nicobar,28.913766860961914,30.019703769683836,0,
1982,1,Andhra Pradesh,36.17961883544922,38.92482414245605,26,90.0
1982,2,Assam,28.536876678466797,32.2648136138916,0,
1982,3,Chandigarh,31.16672134399414,40.484796142578126,27,146.0
1982,4,Dadra and Nagar Haveli,33.62289047241211,38.089711570739745,7,87.0
1982,5,Delhi,33.711727142333984,41.26335830688477,37,123.0
1982,6,Gujarat,35.48989486694336,38.94533863067627,17,88.0
1982,7,Haryana,33.00071334838867,41.34626636505127,33,146.0
1982,8,Himachal Pradesh,8.60407829284668,16.482936668395997,0,
1982,9,Jammu and Kashmir,-0.4312863051891327,7.99942739009857,0,
1982,10,Kerala,30.575082778930664,34.07049007415772,0,
1982,12,Maharashtra,35.61225891113281,38.298763847351076,11,89.0
1982,13,Manipur,26.222593307495117,30.182639789581295,0,
1982,14,Meghalaya,26.480417251586914,29.45270299911499,0,
1982,15,Karnataka,33.22049331665039,36.08819313049316,0,
1982,16,Nagaland,24.395761489868164,27.986797142028806,0,
1982,17,Orissa,34.93155288696289,38.79616470336914,17,92.0
1982,18,Pondicherry,33.02391815185547,35.8609224319458,0,
1982,19,Punjab,31.750986099243164,41.78860950469971,31,146.0
1982,20,Rajasthan,35.01600646972656,41.306027793884276,41,103.0
1982,21,Tamil Nadu,35.079959869384766,37.024563026428225,0,
1982,22,Tripura,30.916746139526367,34.242020988464354,0,
1982,23,West Bengal,33.31698226928711,37.8152530670166,3,126.0
1982,24,Sikkim,8.285791397094727,12.9176607131958,0,
1982,25,Arunachal Pradesh,16.146570205688477,21.28872308731079,0,
1982,26,Mizoram,29.146800994873047,33.41341667175292,0,
1982,27,Daman and Diu,33.026405334472656,36.30424118041992,1,89.0
1982,28,Goa,31.140785217285156,33.6202205657959,0,
1982,29,Bihar,34.52813720703125,40.15219783782959,28,95.0
1982,30,Madhya Pradesh,35.42811965942383,39.59063282012939,23,105.0
1982,31,Uttar Pradesh,31.074153900146484,37.31437358856201,3,149.0
1983,0,Andaman & Nicobar,29.386878967285156,30.776233863830566,0,
1983,1,Andhra Pradesh,37.234256744384766,40.32395496368408,51,72.0
1983,2,Assam,27.95848846435547,32.282925033569335,0,
1983,3,Chandigarh,31.599185943603516,40.55354614257812,16,128.0
1983,4,Dadra and Nagar Haveli,33.35047149658203,37.22709083557129,2,125.0
1983,5,Delhi,33.511260986328125,41.78839626312256,29,120.0
1983,6,Gujarat,35.195560455322266,39.76668853759765,25,112.0
1983,7,Haryana,33.049354553222656,41.20404834747315,22,120.0
1983,8,Himachal Pradesh,8.620756149291992,16.4667103767395,0,
1983,9,Jammu and Kashmir,-0.9803842306137085,7.467235183715818,0,
1983,10,Kerala,31.283449172973633,34.84736976623535,0,
1983,12,Maharashtra,36.82601547241211,40.23398303985596,51,110.0
1983,13,Manipur,25.103151321411133,29.12845468521118,0,
1983,14,Meghalaya,25.90283203125,29.46854906082153,0,
1983,15,Karnataka,34.44133758544922,37.33014392852783,1,124.0
1983,16,Nagaland,23.823719024658203,28.13797855377197,0,
1983,17,Orissa,35.90028381347656,39.419592475891115,28,93.0
1983,18,Pondicherry,33.49870300292969,35.72964076995849,0,
1983,19,Punjab,31.919281005859375,40.814584732055664,18,128.0
1983,20,Rajasthan,35.4482307434082,41.1398265838623,55,113.0
1983,21,Tamil Nadu,35.95271301269531,38.016343116760254,10,95.0
1983,22,Tripura,29.655277252197266,33.12192096710205,0,
1983,23,West Bengal,33.68202209472656,37.91251449584961,6,93.0
1983,24,Sikkim,8.103484153747559,12.95874433517456,0,
1983,25,Arunachal Pradesh,15.438706398010254,21.514975929260252,0,
1983,26,Mizoram,27.54965591430664,31.052012634277343,0,
1983,27,Daman and Diu,32.4281005859375,35.98662128448486,2,125.0
1983,28,Goa,31.207948684692383,33.47509765625,0,
1983,29,Bihar,34.98313903808594,40.01238498687744,19,99.0
1983,30,Madhya Pradesh,36.166839599609375,41.13350486755371,42,114.0
1983,31,Uttar Pradesh,31.634443283081055,39.230642509460445,11,152.0
1984,0,Andaman & Nicobar,28.758535385131836,29.882115840911865,0,
1984,1,Andhra Pradesh,36.52269744873047,41.14320030212402,41,109.0
1984,2,Assam,29.351282119750977,32.79604034423828,0,
1984,3,Chandigarh,35.13309097290039,42.256097412109376,39,106.0
1984,4,Dadra and Nagar Haveli,35.0410270690918,39.219091796875,21,80.0
1984,5,Delhi,37.61272048950195,44.04283771514893,65,105.0
1984,6,Gujarat,37.35519027709961,40.47588539123535,53,89.0
1984,7,Haryana,37.463680267333984,43.93142299652099,62,105.0
1984,8,Himachal Pradesh,12.090303421020508,19.58481454849243,0,
1984,9,Jammu and Kashmir,1.9771091938018799,11.902530002593988,0,
1984,10,Kerala,29.008922576904297,32.222839546203616,0,
1984,12,Maharashtra,36.91668701171875,40.88643035888672,56,88.0
1984,13,Manipur,26.611177444458008,30.341067123413087,0,
1984,14,Meghalaya,27.213422775268555,30.344253730773925,0,
1984,15,Karnataka,33.20870590209961,36.61858444213867,0,
1984,16,Nagaland,25.28288459777832,27.669183063507077,0,
1984,17,Orissa,35.68803405761719,41.33747901916504,43,90.0
1984,18,Pondicherry,32.565223693847656,35.919718933105464,0,
1984,19,Punjab,36.31917953491211,43.79716167449951,51,106.0
1984,20,Rajasthan,38.47673416137695,43.469888305664064,75,84.0
1984,21,Tamil Nadu,33.75449752807617,37.584757232666014,2,136.0
1984,22,Tripura,31.25727653503418,35.29488773345947,0,
1984,23,West Bengal,33.56888961791992,38.013773918151855,7,94.0
1984,24,Sikkim,9.786995887756348,14.692656660079956,0,
1984,25,Arunachal Pradesh,16.999340057373047,22.43423919677734,0,
1984,26,Mizoram,29.005224227905273,33.015754508972165,0,
1984,27,Daman and Diu,34.34296798706055,38.26483211517334,11,93.0
1984,28,Goa,31.479736328125,35.14570274353027,0,
1984,29,Bihar,34.805442810058594,41.04923763275146,30,91.0
1984,30,Madhya Pradesh,37.132694244384766,42.71123752593994,55,90.0
1984,31,Uttar Pradesh,33.77534484863281,40.24180316925049,16,125.0
1985,0,Andaman & Nicobar,28.874250411987305,30.088945293426512,0,
1985,1,Andhra Pradesh,36.76413345336914,40.216782569885254,50,99.0
1985,2,Assam,28.860963821411133,31.525163078308104,0,
1985,3,Chandigarh,35.61428451538086,41.43229370117187,49,109.0
1985,4,Dadra and Nagar Haveli,34.583763122558594,38.592001342773436,12,67.0
1985,5,Delhi,37.27256393432617,42.750871086120604,67,107.0
1985,6,Gujarat,37.28740692138672,40.84398326873779,35,87.0
1985,7,Haryana,37.04707336425781,42.38284473419189,65,107.0
1985,8,Himachal Pradesh,11.26626968383789,17.462591075897215,0,
1985,9,Jammu and Kashmir,1.0372306108474731,9.81408562660217,0,
1985,10,Kerala,29.66927146911621,33.67728939056396,0,
1985,12,Maharashtra,36.961456298828125,40.650970458984375,48,68.0
1985,13,Manipur,26.064353942871094,28.553726577758788,0,
1985,14,Meghalaya,26.793840408325195,29.034738636016844,0,
1985,15,Karnataka,33.377342224121094,36.54439220428467,0,
1985,16,Nagaland,24.882612228393555,27.370740985870363,0,
1985,17,Orissa,36.56069564819336,39.87132568359375,34,88.0
1985,18,Pondicherry,33.43244934082031,36.44013233184814,1,148.0
1985,19,Punjab,36.27732467651367,42.61368656158447,58,108.0
1985,20,Rajasthan,38.047264099121094,42.548133850097656,70,107.0
1985,21,Tamil Nadu,35.37297439575195,38.230954551696776,8,105.0
1985,22,Tripura,30.653656005859375,33.68356914520263,0,
1985,23,West Bengal,34.29729080200195,37.863085174560545,5,103.0
1985,24,Sikkim,9.606085777282715,13.592642164230345,0,
1985,25,Arunachal Pradesh,16.628427505493164,21.758081722259522,0,
1985,26,Mizoram,28.84556770324707,31.539259338378905,0,
1985,27,Daman and Diu,34.197998046875,37.44564628601074,4,111.0
1985,28,Goa,31.053802490234375,34.01501998901367,0,
1985,29,Bihar,36.42628860473633,40.4263391494751,30,103.0
1985,30,Madhya Pradesh,37.73011779785156,41.179002380371095,56,87.0
1985,31,Uttar Pradesh,34.64475631713867,39.00291004180908,18,136.0
1986,0,Andaman & Nicobar,29.030515670776367,30.311731338500977,0,
1986,1,Andhra Pradesh,36.64433288574219,40.28822498321533,45,88.0
1986,2,Assam,29.601049423217773,33.15344886779785,0,
1986,3,Chandigarh,33.02968215942383,41.085064697265615,25,110.0
1986,4,Dadra and Nagar Haveli,34.405517578125,38.380344581604,9,85.0
1986,5,Delhi,35.4232292175293,42.3691442489624,45,109.0
1986,6,Gujarat,36.9188346862793,40.18637409210205,59,86.0
1986,7,Haryana,35.17198181152344,42.471302604675294,42,109.0
1986,8,Himachal Pradesh,9.406208038330078,17.723551654815672,0,
1986,9,Jammu and Kashmir,-0.34865063428878784,9.701982069015497,0,
1986,10,Kerala,30.464330673217773,33.16016159057617,0,
1986,12,Maharashtra,36.60052490234375,40.113379859924315,59,87.0
1986,13,Manipur,26.844078063964844,30.49820556640625,0,
1986,14,Meghalaya,27.13910675048828,30.40216598510742,0,
1986,15,Karnataka,34.091705322265625,37.1060396194458,0,
1986,16,Nagaland,25.229406356811523,28.832820415496826,0,
1986,17,Orissa,35.394920349121094,39.73163986206055,37,88.0
1986,18,Pondicherry,33.11448287963867,36.22059307098389,0,
1986,19,Punjab,33.843746185302734,42.564235305786134,34,110.0
1986,20,Rajasthan,37.30133819580078,43.46919212341308,62,97.0
1986,21,Tamil Nadu,35.53850555419922,38.286025238037105,9,128.0
1986,22,Tripura,31.656139373779297,35.484182739257804,0,
1986,23,West Bengal,33.59629440307617,37.96878242492676,6,88.0
1986,24,Sikkim,8.431480407714844,13.952396154403683,0,
1986,25,Arunachal Pradesh,16.54317855834961,21.38775539398193,0,
1986,26,Mizoram,29.785722732543945,32.90941047668457,0,
1986,27,Daman and Diu,34.06290817260742,37.65339870452881,3,95.0
1986,28,Goa,31.553325653076172,33.92912311553955,0,
1986,29,Bihar,35.19377517700195,40.5390510559082,26,88.0
1986,30,Madhya Pradesh,36.52273941040039,41.01251754760742,60,98.0
1986,31,Uttar Pradesh,32.55850601196289,37.61930866241455,5,159.0
1987,0,Andaman & Nicobar,29.207904815673828,30.374701690673827,0,
1987,1,Andhra Pradesh,36.696109771728516,39.32038803100586,45,93.0
1987,2,Assam,28.652463912963867,32.00457925796509,0,
1987,3,Chandigarh,33.314292907714844,41.39589233398437,34,110.0
1987,4,Dadra and Nagar Haveli,34.8801155090332,39.430211257934566,16,83.0
1987,5,Delhi,36.2454948425293,42.839031791687006,45,107.0
1987,6,Gujarat,37.19612503051758,40.764029312133786,46,83.0
1987,7,Haryana,35.53719711303711,42.69344806671142,44,108.0
1987,8,Himachal Pradesh,9.4906587600708,17.618284130096434,0,
1987,9,Jammu and Kashmir,-0.4557913541793823,7.700321245193473,0,
1987,10,Kerala,31.494169235229492,34.86088886260986,0,
1987,12,Maharashtra,36.466495513916016,39.8975643157959,48,88.0
1987,13,Manipur,26.690715789794922,31.084740352630615,0,
1987,14,Meghalaya,26.695907592773438,29.947818183898924,0,
1987,15,Karnataka,34.36682891845703,37.32139358520508,2,110.0
1987,16,Nagaland,24.912242889404297,28.597971725463868,0,
1987,17,Orissa,36.122310638427734,39.557833671569824,37,92.0
1987,18,Pondicherry,33.069313049316406,36.656127738952634,0,
1987,19,Punjab,33.55521774291992,42.056200599670404,39,110.0
1987,20,Rajasthan,37.34473419189453,42.12955570220947,61,106.0
1987,21,Tamil Nadu,35.6608772277832,37.7100269317627,4,97.0
1987,22,Tripura,31.424467086791992,34.9795352935791,0,
1987,23,West Bengal,34.31251907348633,38.68573493957519,14,93.0
1987,24,Sikkim,8.63122844696045,13.496134567260741,0,
1987,25,Arunachal Pradesh,16.594093322753906,22.383434009551998,0,
1987,26,Mizoram,29.328142166137695,33.61923675537109,0,
1987,27,Daman and Diu,34.34800720214844,38.90326042175292,10,83.0
1987,28,Goa,31.62493324279785,34.42225666046142,0,
1987,29,Bihar,36.000816345214844,41.46708374023437,43,93.0
1987,30,Madhya Pradesh,36.9520378112793,40.95590686798096,50,97.0
1987,31,Uttar Pradesh,33.59828567504883,39.75719032287598,28,140.0
1988,0,Andaman & Nicobar,29.126354217529297,30.441001224517823,0,
1988,1,Andhra Pradesh,36.770843505859375,40.85148372650146,34,98.0
1988,2,Assam,29.02214241027832,32.80864353179931,0,
1988,3,Chandigarh,35.24204635620117,43.25778198242187,50,103.0
1988,4,Dadra and Nagar Haveli,34.38544845581055,38.51713562011719,10,94.0
1988,5,Delhi,37.29573059082031,44.84424934387207,64,100.0
1988,6,Gujarat,37.39776611328125,41.25414218902588,60,94.0
1988,7,Haryana,36.89850997924805,44.327769088745114,67,100.0
1988,8,Himachal Pradesh,11.010087013244629,18.733784294128416,0,
1988,9,Jammu and Kashmir,0.8867427706718445,12.13899216651916,0,
1988,10,Kerala,29.98296546936035,33.27678661346435,0,
1988,12,Maharashtra,36.81177520751953,41.11360263824463,49,93.0
1988,13,Manipur,26.774967193603516,30.768155384063718,0,
1988,14,Meghalaya,26.719745635986328,30.75431146621704,0,
1988,15,Karnataka,33.91147994995117,36.88075294494629,0,
1988,16,Nagaland,25.184368133544922,28.342029762268066,0,
1988,17,Orissa,35.38539505004883,39.741370010375974,32,95.0
1988,18,Pondicherry,33.4211540222168,35.71954116821289,0,
1988,19,Punjab,35.88386917114258,43.846463966369626,59,104.0
1988,20,Rajasthan,38.289276123046875,43.812987327575684,74,99.0
1988,21,Tamil Nadu,34.957950592041016,37.51829719543457,1,135.0
1988,22,Tripura,31.27384376525879,35.84459934234619,0,
1988,23,West Bengal,33.3707160949707,38.510556602478026,10,96.0
1988,24,Sikkim,9.69490909576416,14.226396560668944,0,
1988,25,Arunachal Pradesh,16.961444854736328,22.448412799835204,0,
1988,26,Mizoram,29.714433670043945,34.59877777099609,0,
1988,27,Daman and Diu,34.33224105834961,38.430684852600095,7,98.0
1988,28,Goa,31.6751766204834,33.984550094604494,0,
1988,29,Bihar,34.984596252441406,40.85181007385254,29,95.0
1988,30,Madhya Pradesh,37.112911224365234,43.175495338439944,56,94.0
1988,31,Uttar Pradesh,33.70573043823242,40.422118759155275,18,130.0
1989,0,Andaman & Nicobar,28.61677360534668,30.30471897125244,0,
1989,1,Andhra Pradesh,35.922996520996094,40.12636470794678,43,95.0
1989,2,Assam,29.440515518188477,32.605076980590816,0,
1989,3,Chandigarh,33.934478759765625,41.156329345703114,30,130.0
1989,4,Dadra and Nagar Haveli,34.1583366394043,39.344139099121094,11,96.0
1989,5,Delhi,36.168983459472656,42.794102859497066,50,109.0
1989,6,Gujarat,36.235225677490234,41.03926887512207,41,97.0
1989,7,Haryana,35.790992736816406,42.931871986389154,48,112.0
1989,8,Himachal Pradesh,9.540133476257324,16.675526618957516,0,
1989,9,Jammu and Kashmir,-0.8551710247993469,7.889666032791133,0,
1989,10,Kerala,29.685882568359375,33.62561950683593,0,
1989,12,Maharashtra,35.45270919799805,40.94020366668701,38,98.0
1989,13,Manipur,26.863056182861328,30.42725706100464,0,
1989,14,Meghalaya,27.22073745727539,30.307281684875488,0,
1989,15,Karnataka,32.94243621826172,36.733483695983885,0,
1989,16,Nagaland,25.433841705322266,28.695612812042235,0,
1989,17,Orissa,35.49702072143555,39.91414108276367,38,99.0
1989,18,Pondicherry,32.860130310058594,35.436809349060056,0,
1989,19,Punjab,34.64318084716797,42.058897972106934,42,129.0
1989,20,Rajasthan,36.90291213989258,44.24734706878662,58,105.0
1989,21,Tamil Nadu,35.085880279541016,38.02581634521484,8,95.0
1989,22,Tripura,31.724185943603516,34.93803367614746,0,
1989,23,West Bengal,33.78905487060547,39.494998359680174,16,100.0
1989,24,Sikkim,9.068801879882812,13.244616031646729,0,
1989,25,Arunachal Pradesh,16.551090240478516,21.542489528656006,0,
1989,26,Mizoram,29.552448272705078,33.26963233947754,0,
1989,27,Daman and Diu,33.601261138916016,37.75140228271484,5,97.0
1989,28,Goa,31.33716583251953,34.79726600646973,1,96.0
1989,29,Bihar,35.01325988769531,40.84463748931885,30,100.0
1989,30,Madhya Pradesh,36.25811767578125,42.45378532409668,54,99.0
1989,31,Uttar Pradesh,32.89751434326172,38.157919311523436,8,130.0
1990,0,Andaman & Nicobar,29.097715377807617,30.277450370788575,0,
1990,1,Andhra Pradesh,34.05680847167969,38.811470413208006,13,103.0
1990,2,Assam,27.28032112121582,31.585568046569822,0,
1990,3,Chandigarh,32.77986145019531,40.69526977539062,31,112.0
1990,4,Dadra and Nagar Haveli,32.93718338012695,37.3595666885376,4,114.0
1990,5,Delhi,35.40869140625,42.45287532806397,57,101.0
1990,6,Gujarat,35.87853240966797,39.63091850280762,23,105.0
1990,7,Haryana,35.25360870361328,42.165651512146,59,107.0
1990,8,Himachal Pradesh,9.949902534484863,17.892178630828855,0,
1990,9,Jammu and Kashmir,0.8176347017288208,13.520550918579099,0,
1990,10,Kerala,29.603971481323242,33.28341445922852,0,
1990,12,Maharashtra,34.098731994628906,39.363088607788086,22,101.0
1990,13,Manipur,24.877159118652344,27.896222496032713,0,
1990,14,Meghalaya,25.35420799255371,28.776162719726564,0,
1990,15,Karnataka,32.45173263549805,36.546328163146974,0,
1990,16,Nagaland,23.498172760009766,27.382400512695312,0,
1990,17,Orissa,32.39800262451172,38.50257968902588,9,109.0
1990,18,Pondicherry,32.47450256347656,34.664394760131835,0,
1990,19,Punjab,34.21833419799805,42.069984436035156,52,112.0
1990,20,Rajasthan,36.441368103027344,41.60073108673095,63,105.0
1990,21,Tamil Nadu,34.646209716796875,37.58597545623779,1,113.0
1990,22,Tripura,29.513717651367188,32.56671409606933,0,
1990,23,West Bengal,31.278656005859375,35.87355003356933,0,
1990,24,Sikkim,8.342841148376465,14.026560306549069,0,
1990,25,Arunachal Pradesh,15.930354118347168,21.60518350601196,0,
1990,26,Mizoram,27.446760177612305,31.109867668151857,0,
1990,27,Daman and Diu,33.26303482055664,36.380264854431154,4,114.0
1990,28,Goa,30.61001968383789,34.216089439392086,0,
1990,29,Bihar,33.21680450439453,39.17890872955322,15,102.0
1990,30,Madhya Pradesh,34.57769775390625,40.320347404479975,22,101.0
1990,31,Uttar Pradesh,31.84517478942871,38.165975379943845,7,154.0
1991,0,Andaman & Nicobar,29.47962760925293,30.845934104919433,0,
1991,1,Andhra Pradesh,35.82719802856445,39.55034370422363,31,90.0
1991,2,Assam,28.191518783569336,31.35577630996704,0,
1991,3,Chandigarh,32.95994186401367,40.51619262695313,30,121.0
1991,4,Dadra and Nagar Haveli,34.484066009521484,39.1796215057373,11,85.0
1991,5,Delhi,35.959922790527344,42.54455299377441,53,111.0
1991,6,Gujarat,36.944435119628906,40.43413791656494,44,86.0
1991,7,Haryana,35.3792610168457,41.77210540771485,51,111.0
1991,8,Himachal Pradesh,9.527501106262207,16.21255044937133,0,
1991,9,Jammu and Kashmir,-0.2305782288312912,8.26017050743103,0,
1991,10,Kerala,30.077098846435547,33.095955276489256,0,
1991,12,Maharashtra,36.026939392089844,40.22342758178711,52,88.0
1991,13,Manipur,25.8581485748291,28.383786487579346,0,
1991,14,Meghalaya,26.13840103149414,29.097711944580077,0,
1991,15,Karnataka,33.330074310302734,36.16841163635254,0,
1991,16,Nagaland,24.42768669128418,27.210215473175047,0,
1991,17,Orissa,35.10044479370117,39.6111478805542,25,90.0
1991,18,Pondicherry,32.670894622802734,35.13229961395263,0,
1991,19,Punjab,33.459510803222656,40.58689308166504,39,121.0
1991,20,Rajasthan,37.128780364990234,42.53792724609375,70,88.0
1991,21,Tamil Nadu,34.857364654541016,37.61954307556152,1,145.0
1991,22,Tripura,30.472301483154297,33.99592628479004,0,
1991,23,West Bengal,33.39597702026367,36.695573806762695,0,
1991,24,Sikkim,8.923991203308105,12.975765800476074,0,
1991,25,Arunachal Pradesh,16.38184928894043,20.93892316818237,0,
1991,26,Mizoram,28.4576473236084,32.07029476165771,0,
1991,27,Daman and Diu,34.344818115234375,38.28076934814453,8,87.0
1991,28,Goa,31.931922912597656,34.45909729003906,0,
1991,29,Bihar,34.96382141113281,39.82625179290771,23,112.0
1991,30,Madhya Pradesh,36.55769348144531,41.601861000061035,48,89.0
1991,31,Uttar Pradesh,32.793399810791016,37.84817638397217,4,134.0
1992,0,Andaman & Nicobar,29.392742156982422,31.021158027648926,0,
1992,1,Andhra Pradesh,36.7666130065918,39.09955196380615,34,88.0
1992,2,Assam,28.718181610107422,32.218763160705564,0,
1992,3,Chandigarh,33.743690490722656,41.29484252929687,30,111.0
1992,4,Dadra and Nagar Haveli,34.56644058227539,38.171682548522945,8,105.0
1992,5,Delhi,36.333438873291016,42.704483604431154,60,109.0
1992,6,Gujarat,36.51771545410156,40.26969242095947,54,116.0
1992,7,Haryana,35.726318359375,42.55741653442383,54,110.0
1992,8,Himachal Pradesh,9.672657012939453,16.938856506347655,0,
1992,9,Jammu and Kashmir,-0.24321359395980835,9.209664964675902,0,
1992,10,Kerala,30.59355354309082,34.56718692779541,0,
1992,12,Maharashtra,36.62530517578125,39.60826454162598,49,87.0
1992,13,Manipur,26.670284271240234,30.021132564544676,0,
1992,14,Meghalaya,27.088180541992188,30.328009891510003,0,
1992,15,Karnataka,33.71626281738281,36.534784126281735,0,
1992,16,Nagaland,24.67168426513672,27.560784244537352,0,
1992,17,Orissa,35.95408630371094,38.95835571289062,25,88.0
1992,18,Pondicherry,33.04534149169922,35.36545639038086,0,
1992,19,Punjab,34.101619720458984,42.36654987335204,40,119.0
1992,20,Rajasthan,36.81474685668945,43.04811172485351,60,117.0
1992,21,Tamil Nadu,35.327362060546875,37.52663459777832,2,96.0
1992,22,Tripura,31.921852111816406,35.370809555053704,0,
1992,23,West Bengal,34.20165252685547,38.31096515655518,9,101.0
1992,24,Sikkim,9.181120872497559,13.300991630554197,0,
1992,25,Arunachal Pradesh,15.997657775878906,20.89048223495483,0,
1992,26,Mizoram,29.479644775390625,32.83001518249512,0,
1992,27,Daman and Diu,34.12130355834961,37.61787166595459,6,118.0
1992,28,Goa,31.60194206237793,34.205035018920896,0,
1992,29,Bihar,35.900657653808594,39.94478549957275,37,101.0
1992,30,Madhya Pradesh,37.259483337402344,41.384715461730956,58,103.0
1992,31,Uttar Pradesh,33.343101501464844,38.07802276611328,7,134.0
1993,0,Andaman & Nicobar,29.405399322509766,30.97404842376709,0,
1993,1,Andhra Pradesh,36.543087005615234,40.433761787414554,34,111.0
1993,2,Assam,27.636425018310547,31.39205150604248,0,
1993,3,Chandigarh,33.558990478515625,42.007232666015625,37,112.0
1993,4,Dadra and Nagar Haveli,34.125850677490234,37.77332038879394,4,113.0
1993,5,Delhi,36.069881439208984,44.20155525207519,58,110.0
1993,6,Gujarat,36.4853401184082,40.276643943786624,50,107.0
1993,7,Haryana,35.74081802368164,43.80149688720703,58,111.0
1993,8,Himachal Pradesh,10.384062767028809,18.62165813446045,0,
1993,9,Jammu and Kashmir,0.8256374001502991,10.71974182128906,0,
1993,10,Kerala,30.04094696044922,33.01125965118408,0,
1993,12,Maharashtra,35.94874572753906,40.47245445251465,48,107.0
1993,13,Manipur,24.919994354248047,27.696737670898436,0,
1993,14,Meghalaya,25.67691421508789,29.073939418792722,0,
1993,15,Karnataka,33.28205871582031,37.082811164855954,0,
1993,16,Nagaland,23.774314880371094,27.170573234558105,0,
1993,17,Orissa,35.08872985839844,40.531425666809085,22,117.0
1993,18,Pondicherry,33.00263977050781,35.2406530380249,0,
1993,19,Punjab,34.514156341552734,43.64224281311034,50,112.0
1993,20,Rajasthan,36.74290466308594,43.12691135406494,61,109.0
1993,21,Tamil Nadu,35.146732330322266,38.255078125,9,119.0
1993,22,Tripura,29.518878936767578,33.089830017089845,0,
1993,23,West Bengal,32.174983978271484,35.28202781677246,0,
1993,24,Sikkim,8.363341331481934,13.588315486907957,0,
1993,25,Arunachal Pradesh,16.153369903564453,21.91436262130737,0,
1993,26,Mizoram,27.40680503845215,30.722617912292478,0,
1993,27,Daman and Diu,33.89969253540039,37.075514984130855,2,112.0
1993,28,Goa,31.450593948364258,33.95181579589843,0,
1993,29,Bihar,33.994903564453125,38.11031093597412,7,124.0
1993,30,Madhya Pradesh,36.30235290527344,41.98734970092773,56,109.0
1993,31,Uttar Pradesh,32.04004669189453,38.42384433746338,9,124.0
1994,0,Andaman & Nicobar,28.778966903686523,30.011932182312012,0,
1994,1,Andhra Pradesh,36.5093879699707,40.31154861450195,39,78.0
1994,2,Assam,28.542308807373047,32.20021915435791,0,
1994,3,Chandigarh,35.01559066772461,42.878106689453126,41,122.0
1994,4,Dadra and Nagar Haveli,34.47751235961914,38.777463531494135,10,75.0
1994,5,Delhi,36.733802795410156,43.79397621154785,48,116.0
1994,6,Gujarat,36.92018508911133,41.05906181335449,47,75.0
1994,7,Haryana,36.36037826538086,43.810283470153806,47,118.0
1994,8,Himachal Pradesh,10.483084678649902,18.08875160217285,0,
1994,9,Jammu and Kashmir,0.44121062755584717,12.053804397583006,0,
1994,10,Kerala,29.47469711303711,33.90801887512207,0,
1994,12,Maharashtra,35.67879867553711,40.12145709991455,36,77.0
1994,13,Manipur,26.295011520385742,29.4169340133667,0,
1994,14,Meghalaya,26.570913314819336,29.623888874053954,0,
1994,15,Karnataka,32.89799880981445,36.46087112426758,0,
1994,16,Nagaland,24.831464767456055,28.081371879577638,0,
1994,17,Orissa,35.05897521972656,39.68728771209717,25,79.0
1994,18,Pondicherry,33.17932891845703,35.815918159484866,0,
1994,19,Punjab,35.24119567871094,43.343643760681154,43,118.0
1994,20,Rajasthan,37.53891372680664,44.3947956085205,55,88.0
1994,21,Tamil Nadu,34.470008850097656,36.74790916442871,0,
1994,22,Tripura,30.601701736450195,34.00443439483642,0,
1994,23,West Bengal,33.304264068603516,37.952106857299796,6,105.0
1994,24,Sikkim,9.003172874450684,13.98619794845581,0,
1994,25,Arunachal Pradesh,16.727149963378906,22.03604736328125,0,
1994,26,Mizoram,28.47166633605957,31.396117877960204,0,
1994,27,Daman and Diu,34.21854019165039,37.712690925598146,4,76.0
1994,28,Goa,30.99921989440918,33.45519943237305,0,
1994,29,Bihar,35.062007904052734,40.41441459655761,28,80.0
1994,30,Madhya Pradesh,36.33668899536133,42.232299613952634,41,89.0
1994,31,Uttar Pradesh,33.31751251220703,39.88197841644287,13,123.0
1995,0,Andaman & Nicobar,29.449186325073242,31.1201810836792,0,
1995,1,Andhra Pradesh,35.823604583740234,40.55111598968506,23,114.0
1995,2,Assam,29.189069747924805,31.98584098815918,0,
1995,3,Chandigarh,34.17007827758789,43.64729614257812,41,119.0
1995,4,Dadra and Nagar Haveli,34.67662048339844,38.80305500030517,15,80.0
1995,5,Delhi,36.51559829711914,45.05617694854736,59,115.0
1995,6,Gujarat,36.73248291015625,41.40365200042724,45,102.0
1995,7,Haryana,35.99029541015625,44.61769752502441,55,118.0
1995,8,Himachal Pradesh,10.514497756958008,19.875001430511475,0,
1995,9,Jammu and Kashmir,0.83079993724823,10.995740175247192,0,
1995,10,Kerala,29.926979064941406,34.10191211700439,0,
1995,12,Maharashtra,35.71906280517578,40.120256614685054,24,112.0
1995,13,Manipur,27.0245304107666,29.73169889450073,0,
1995,14,Meghalaya,27.318313598632812,30.181533527374267,0,
1995,15,Karnataka,33.70103073120117,36.258276748657224,0,
1995,16,Nagaland,24.983592987060547,27.77660322189331,0,
1995,17,Orissa,34.35318374633789,38.87327613830566,16,108.0
1995,18,Pondicherry,32.32832336425781,34.49590702056884,0,
1995,19,Punjab,34.68872833251953,44.49550991058349,45,125.0
1995,20,Rajasthan,36.914878845214844,43.87429275512695,60,112.0
1995,21,Tamil Nadu,34.031620025634766,35.943423461914065,0,
1995,22,Tripura,31.648693084716797,34.947135543823244,0,
1995,23,West Bengal,33.954959869384766,38.46307907104492,12,109.0
1995,24,Sikkim,9.263886451721191,14.268058538436888,0,
1995,25,Arunachal Pradesh,16.539560317993164,21.399329757690428,0,
1995,26,Mizoram,30.043371200561523,33.49652919769287,0,
1995,27,Daman and Diu,34.06166076660156,38.305507278442384,10,117.0
1995,28,Goa,31.963279724121094,34.9137020111084,0,
1995,29,Bihar,35.652469635009766,41.11158046722412,38,106.0
1995,30,Madhya Pradesh,36.1573600769043,43.12527656555176,45,108.0
1995,31,Uttar Pradesh,33.54585266113281,41.058407592773435,26,119.0
1996,0,Andaman & Nicobar,29.055156707763672,30.43384609222412,0,
1996,1,Andhra Pradesh,36.462501525878906,40.414351081848146,44,87.0
1996,2,Assam,28.768518447875977,32.233764266967775,0,
1996,3,Chandigarh,32.94277572631836,39.99135131835938,21,110.0
1996,4,Dadra and Nagar Haveli,34.59193420410156,37.82199935913086,6,70.0
1996,5,Delhi,35.47476577758789,42.031256866455074,39,107.0
1996,6,Gujarat,36.91624069213867,39.93756446838379,49,71.0
1996,7,Haryana,35.20840072631836,42.21003952026367,38,107.0
1996,8,Himachal Pradesh,10.05299186706543,16.314140796661377,0,
1996,9,Jammu and Kashmir,0.2723275423049927,9.593193054199215,0,
1996,10,Kerala,30.28845977783203,33.99729213714599,0,
1996,12,Maharashtra,36.636783599853516,39.944167900085446,48,85.0
1996,13,Manipur,25.951370239257812,28.964444828033447,0,
1996,14,Meghalaya,26.890146255493164,30.220164299011227,0,
1996,15,Karnataka,33.78745651245117,37.09074306488037,0,
1996,16,Nagaland,24.762582778930664,27.520945930480956,0,
1996,17,Orissa,35.874691009521484,40.40300998687744,29,89.0
1996,18,Pondicherry,32.601417541503906,35.54556121826172,0,
1996,19,Punjab,34.090023040771484,41.0509744644165,34,107.0
1996,20,Rajasthan,36.64186477661133,42.28495101928711,52,88.0
1996,21,Tamil Nadu,34.527408599853516,37.52627811431885,1,137.0
1996,22,Tripura,30.95484733581543,34.30864295959473,0,
1996,23,West Bengal,33.92099380493164,38.18782958984375,8,110.0
1996,24,Sikkim,9.098536491394043,13.601462984085083,0,
1996,25,Arunachal Pradesh,16.62948226928711,21.907900714874266,0,
1996,26,Mizoram,28.48617935180664,31.754703044891357,0,
1996,27,Daman and Diu,34.32965850830078,37.695207023620604,3,127.0
1996,28,Goa,31.704795837402344,33.67318477630615,0,
1996,29,Bihar,35.552337646484375,40.768731307983394,35,98.0
1996,30,Madhya Pradesh,36.99616622924805,41.539595413208005,48,88.0
1996,31,Uttar Pradesh,32.80575942993164,38.185103797912596,12,127.0
1997,0,Andaman & Nicobar,29.517812728881836,30.874781322479247,0,
1997,1,Andhra Pradesh,36.006935119628906,39.95721645355225,25,132.0
1997,2,Assam,28.04806900024414,31.10873918533325,0,
1997,3,Chandigarh,31.756441116333008,38.7964599609375,12,140.0
1997,4,Dadra and Nagar Haveli,33.679386138916016,37.563297462463375,3,76.0
1997,5,Delhi,33.84394836425781,40.78210792541504,30,113.0
1997,6,Gujarat,35.31224060058594,39.25612030029297,15,114.0
1997,7,Haryana,33.6615104675293,40.81929721832275,26,113.0
1997,8,Himachal Pradesh,9.127297401428223,16.682129383087158,0,
1997,9,Jammu and Kashmir,0.5959627032279968,10.73004894256591,0,
1997,10,Kerala,30.47620391845703,33.45430145263672,0,
1997,12,Maharashtra,35.32929611206055,39.431717491149904,18,115.0
1997,13,Manipur,25.506750106811523,28.045373153686523,0,
1997,14,Meghalaya,25.900524139404297,28.608923149108886,0,
1997,15,Karnataka,33.31870651245117,35.752224922180176,0,
1997,16,Nagaland,23.924644470214844,27.035892772674558,0,
1997,17,Orissa,35.04319381713867,39.400374221801755,23,133.0
1997,18,Pondicherry,32.676025390625,35.891643333435056,0,
1997,19,Punjab,32.64381408691406,40.46678009033203,23,114.0
1997,20,Rajasthan,34.95016860961914,40.582085037231444,30,112.0
1997,21,Tamil Nadu,34.40483474731445,36.673645401000975,0,
1997,22,Tripura,29.9231014251709,32.76854953765869,0,
1997,23,West Bengal,32.71091079711914,36.65384998321533,0,
1997,24,Sikkim,7.880862712860107,12.456598711013793,0,
1997,25,Arunachal Pradesh,15.83536148071289,20.406920909881592,0,
1997,26,Mizoram,28.0667724609375,31.19812488555908,0,
1997,27,Daman and Diu,33.28071594238281,36.27496585845947,3,135.0
1997,28,Goa,31.88219451904297,34.11389503479004,0,
1997,29,Bihar,34.646148681640625,40.21848220825195,23,124.0
1997,30,Madhya Pradesh,35.52586364746094,40.08211250305175,29,114.0
1997,31,Uttar Pradesh,31.465396881103516,37.068710517883304,2,167.0
1998,0,Andaman & Nicobar,30.133697509765625,31.842861461639405,0,
1998,1,Andhra Pradesh,36.74006652832031,41.5556604385376,40,102.0
1998,2,Assam,28.323835372924805,31.35509414672851,0,
1998,3,Chandigarh,32.67898178100586,42.762689208984376,31,121.0
1998,4,Dadra and Nagar Haveli,34.96613311767578,39.3930103302002,21,80.0
1998,5,Delhi,35.4648551940918,44.62996864318848,57,107.0
1998,6,Gujarat,37.18318557739258,41.181125450134275,57,81.0
1998,7,Haryana,35.43341064453125,45.05709114074706,56,107.0
1998,8,Himachal Pradesh,10.451436996459961,18.071012973785397,0,
1998,9,Jammu and Kashmir,0.8090582489967346,10.634779024124137,0,
1998,10,Kerala,31.022668838500977,34.55312995910644,0,
1998,12,Maharashtra,36.416656494140625,40.401452255249026,51,92.0
1998,13,Manipur,25.296070098876953,28.32356595993042,0,
1998,14,Meghalaya,26.263601303100586,29.142211437225342,0,
1998,15,Karnataka,34.238643646240234,37.22922191619873,3,108.0
1998,16,Nagaland,24.253311157226562,27.543675708770753,0,
1998,17,Orissa,34.934608459472656,41.45014991760254,26,111.0
1998,18,Pondicherry,33.15984344482422,36.324661064147946,0,
1998,19,Punjab,34.37782287597656,44.112946128845216,53,109.0
1998,20,Rajasthan,37.200103759765625,44.24074726104736,64,91.0
1998,21,Tamil Nadu,35.46381378173828,38.30563049316406,8,108.0
1998,22,Tripura,30.121570587158203,32.76530437469482,0,
1998,23,West Bengal,32.298336029052734,36.7005708694458,2,159.0
1998,24,Sikkim,8.970721244812012,14.453809452056884,0,
1998,25,Arunachal Pradesh,16.83257484436035,21.341147899627682,0,
1998,26,Mizoram,28.159963607788086,31.41201591491699,0,
1998,27,Daman and Diu,34.52295684814453,39.11394844055176,17,91.0
1998,28,Goa,32.297428131103516,35.40787773132324,0,
1998,29,Bihar,34.022884368896484,41.025193214416504,19,140.0
1998,30,Madhya Pradesh,36.27408981323242,42.866239356994626,45,108.0
1998,31,Uttar Pradesh,32.01661682128906,39.93399887084961,17,141.0
1999,0,Andaman & Nicobar,28.41474723815918,29.39387903213501,0,
1999,1,Andhra Pradesh,35.92986297607422,39.802551460266116,26,90.0
1999,2,Assam,30.131961822509766,33.0045259475708,0,
1999,3,Chandigarh,34.900474548339844,41.13084106445312,39,100.0
1999,4,Dadra and Nagar Haveli,33.605873107910156,38.577382659912104,9,86.0
1999,5,Delhi,37.12306594848633,43.06743602752685,63,89.0
1999,6,Gujarat,36.09987258911133,39.882220077514646,36,86.0
1999,7,Haryana,36.77778244018555,42.768649101257324,57,96.0
1999,8,Himachal Pradesh,11.449822425842285,17.55862398147583,0,
1999,9,Jammu and Kashmir,1.0547575950622559,10.909032249450682,0,
1999,10,Kerala,28.9862060546875,33.17723636627197,0,
1999,12,Maharashtra,35.62285232543945,40.095445442199704,43,87.0
1999,13,Manipur,27.051889419555664,31.25031785964966,0,
1999,14,Meghalaya,27.455656051635742,29.750559711456297,0,
1999,15,Karnataka,32.452850341796875,36.364481163024905,0,
1999,16,Nagaland,26.05876922607422,28.499949073791505,0,
1999,17,Orissa,35.768131256103516,40.29123516082763,37,90.0
1999,18,Pondicherry,32.85896301269531,34.88391647338867,0,
1999,19,Punjab,35.85574722290039,41.978260612487794,53,100.0
1999,20,Rajasthan,37.395355224609375,42.202442741394044,65,87.0
1999,21,Tamil Nadu,34.42380905151367,37.40911159515381,3,104.0
1999,22,Tripura,31.70756721496582,35.648868560791016,0,
1999,23,West Bengal,33.5955924987793,37.986198806762694,6,114.0
1999,24,Sikkim,10.243460655212402,13.931033658981322,0,
1999,25,Arunachal Pradesh,17.89521598815918,22.101223850250236,0,
1999,26,Mizoram,29.64469337463379,33.94726982116699,0,
1999,27,Daman and Diu,33.56556701660156,38.071384811401366,7,87.0
1999,28,Goa,30.70577621459961,33.82806644439697,0,
1999,29,Bihar,35.13706588745117,40.67811584472656,34,92.0
1999,30,Madhya Pradesh,36.71327209472656,41.81115837097168,56,89.0
1999,31,Uttar Pradesh,33.65572738647461,39.20026969909668,16,113.0
2000,0,Andaman & Nicobar,28.304100036621094,29.167715549468994,0,
2000,1,Andhra Pradesh,35.084407806396484,39.50336837768555,21,100.0
2000,2,Assam,28.358455657958984,31.919453144073486,0,
2000,3,Chandigarh,33.871070861816406,40.7244140625,28,104.0
2000,4,Dadra and Nagar Haveli,33.1058464050293,38.27542095184326,9,85.0
2000,5,Delhi,35.789710998535156,42.24131088256836,48,103.0
2000,6,Gujarat,36.57673645019531,39.640083122253415,41,89.0
2000,7,Haryana,36.03896713256836,42.22120113372803,53,103.0
2000,8,Himachal Pradesh,11.282134056091309,18.09442901611328,0,
2000,9,Jammu and Kashmir,2.2085864543914795,13.0383385181427,0,
2000,10,Kerala,29.24125099182129,32.69462299346924,0,
2000,12,Maharashtra,34.80055236816406,40.08018054962158,35,91.0
2000,13,Manipur,25.627763748168945,28.188909816741944,0,
2000,14,Meghalaya,26.14518165588379,29.361447906494142,0,
2000,15,Karnataka,32.38596725463867,36.47101249694824,0,
2000,16,Nagaland,24.208391189575195,27.30450086593628,0,
2000,17,Orissa,34.73836898803711,38.78535289764404,18,97.0
2000,18,Pondicherry,32.818843841552734,35.86123104095459,0,
2000,19,Punjab,35.66485595703125,42.32211437225342,57,103.0
2000,20,Rajasthan,37.599788665771484,42.05062999725342,81,98.0
2000,21,Tamil Nadu,34.391387939453125,37.27109642028808,0,
2000,22,Tripura,30.6760196685791,33.830739212036136,0,
2000,23,West Bengal,32.82577896118164,36.91643028259277,0,
2000,24,Sikkim,8.862890243530273,13.519547367095946,0,
2000,25,Arunachal Pradesh,16.414216995239258,22.040427303314203,0,
2000,26,Mizoram,28.864953994750977,32.21768379211426,0,
2000,27,Daman and Diu,33.670475006103516,37.88119049072265,6,91.0
2000,28,Goa,30.628992080688477,33.66548385620117,0,
2000,29,Bihar,33.93843078613281,38.68953514099121,12,92.0
2000,30,Madhya Pradesh,35.80376434326172,41.32041778564453,39,92.0
2000,31,Uttar Pradesh,31.939069747924805,37.36157169342041,0,
2001,0,Andaman & Nicobar,28.927717208862305,30.650665760040283,0,
2001,1,Andhra Pradesh,35.43480682373047,39.852810859680176,24,119.0
2001,2,Assam,28.88164710998535,31.75008783340454,0,
2001,3,Chandigarh,32.86699676513672,39.97899780273437,22,115.0
2001,4,Dadra and Nagar Haveli,33.35850143432617,38.169080352783205,8,96.0
2001,5,Delhi,34.87897491455078,42.1094612121582,36,99.0
2001,6,Gujarat,35.67620849609375,39.72814674377442,29,94.0
2001,7,Haryana,34.822303771972656,42.0285680770874,35,99.0
2001,8,Himachal Pradesh,10.772076606750488,17.530347061157226,0,
2001,9,Jammu and Kashmir,2.202019214630127,12.714742612838734,0,
2001,10,Kerala,29.325565338134766,32.64676246643066,0,
2001,12,Maharashtra,34.990535736083984,40.12273063659668,24,112.0
2001,13,Manipur,26.09075164794922,29.935841941833495,0,
2001,14,Meghalaya,26.442874908447266,29.272970104217528,0,
2001,15,Karnataka,32.718441009521484,36.04753589630127,0,
2001,16,Nagaland,24.57979393005371,27.125609111785888,0,
2001,17,Orissa,34.18044662475586,39.953330230712886,19,115.0
2001,18,Pondicherry,33.066707611083984,36.132123947143555,0,
2001,19,Punjab,34.049720764160156,41.776590728759764,30,116.0
2001,20,Rajasthan,36.63845443725586,43.10052642822265,46,98.0
2001,21,Tamil Nadu,34.420387268066406,37.673543548583986,1,131.0
2001,22,Tripura,30.555397033691406,34.652364540100095,0,
2001,23,West Bengal,32.47916030883789,36.80674953460693,0,
2001,24,Sikkim,8.821738243103027,14.068298196792602,0,
2001,25,Arunachal Pradesh,16.790742874145508,21.662752532958983,0,
2001,26,Mizoram,28.8380184173584,33.15124645233154,0,
2001,27,Daman and Diu,33.29387664794922,37.7294038772583,4,96.0
2001,28,Goa,30.953657150268555,33.690730285644534,0,
2001,29,Bihar,33.7225456237793,39.096041679382324,12,97.0
2001,30,Madhya Pradesh,35.17475509643555,41.55012474060059,31,99.0
2001,31,Uttar Pradesh,31.587745666503906,37.479220390319824,3,118.0
2002,0,Andaman & Nicobar,29.44318199157715,30.617002105712892,0,
2002,1,Andhra Pradesh,36.01496887207031,39.8631383895874,28,108.0
2002,2,Assam,28.37264060974121,31.705330181121827,0,
2002,3,Chandigarh,34.53770065307617,41.47603759765625,38,108.0
2002,4,Dadra and Nagar Haveli,34.415367126464844,39.48218669891357,14,77.0
2002,5,Delhi,37.59918212890625,44.30293292999267,65,96.0
2002,6,Gujarat,36.993446350097656,41.78697910308838,41,78.0
2002,7,Haryana,37.13771438598633,43.703655052185056,63,104.0
2002,8,Himachal Pradesh,11.331583976745605,17.55947494506836,0,
2002,9,Jammu and Kashmir,1.3383523225784302,10.72617745399475,0,
2002,10,Kerala,29.914644241333008,33.92198314666748,0,
2002,12,Maharashtra,36.11456298828125,40.44684982299805,35,102.0
2002,13,Manipur,26.112348556518555,28.411456584930416,0,
2002,14,Meghalaya,25.83356285095215,28.897426319122314,0,
2002,15,Karnataka,32.98868179321289,36.35923519134521,0,
2002,16,Nagaland,24.36808204650879,27.001086711883545,0,
2002,17,Orissa,35.84288024902344,41.31561470031738,30,106.0
2002,18,Pondicherry,32.879669189453125,36.46296920776366,0,
2002,19,Punjab,36.10359191894531,43.411967277526855,52,104.0
2002,20,Rajasthan,38.37288284301758,43.091490745544434,78,89.0
2002,21,Tamil Nadu,34.644248962402344,36.91355972290039,0,
2002,22,Tripura,30.59888458251953,33.313079833984375,0,
2002,23,West Bengal,32.521297454833984,35.62035789489745,0,
2002,24,Sikkim,8.927409172058105,13.490029048919677,0,
2002,25,Arunachal Pradesh,16.771434783935547,21.899818134307857,0,
2002,26,Mizoram,29.107236862182617,32.360198211669925,0,
2002,27,Daman and Diu,34.59495162963867,38.57362041473389,10,78.0
2002,28,Goa,31.525604248046875,34.6643627166748,0,
2002,29,Bihar,34.253662109375,38.97757167816162,10,107.0
2002,30,Madhya Pradesh,37.179874420166016,41.97681770324707,60,95.0
2002,31,Uttar Pradesh,33.01713562011719,37.881631469726564,6,138.0
2003,0,Andaman & Nicobar,29.3669376373291,30.98209981918335,0,
2003,1,Andhra Pradesh,36.98482894897461,41.38744697570801,52,93.0
2003,2,Assam,28.04576301574707,31.79665603637695,0,
2003,3,Chandigarh,34.36713790893555,42.418890380859374,38,113.0
2003,4,Dadra and Nagar Haveli,34.39466857910156,38.50724773406982,8,97.0
2003,5,Delhi,36.318023681640625,43.291781997680665,51,100.0
2003,6,Gujarat,36.75458908081055,40.85033416748047,41,84.0
2003,7,Haryana,36.27899932861328,43.51484127044677,51,100.0
2003,8,Himachal Pradesh,10.152953147888184,17.339223766326903,0,
2003,9,Jammu and Kashmir,-0.22797268629074097,9.602976036071773,0,
2003,10,Kerala,29.806177139282227,32.842389297485354,0,
2003,12,Maharashtra,36.409420013427734,40.21984310150147,57,92.0
2003,13,Manipur,25.881101608276367,29.724781894683836,0,
2003,14,Meghalaya,25.97917938232422,29.111889266967772,0,
2003,15,Karnataka,34.191490173339844,36.79491004943848,0,
2003,16,Nagaland,24.194124221801758,27.448874759674073,0,
2003,17,Orissa,35.995216369628906,40.90209903717041,48,106.0
2003,18,Pondicherry,33.236839294433594,36.61493911743164,0,
2003,19,Punjab,35.407691955566406,43.34481163024902,49,101.0
2003,20,Rajasthan,37.479591369628906,42.506923294067384,62,92.0
2003,21,Tamil Nadu,35.115482330322266,38.11352100372314,9,139.0
2003,22,Tripura,30.396934509277344,34.51925907135009,0,
2003,23,West Bengal,32.987396240234375,37.410658454895014,3,147.0
2003,24,Sikkim,8.523579597473145,13.065430498123169,0,
2003,25,Arunachal Pradesh,16.379344940185547,21.483045864105225,0,
2003,26,Mizoram,28.495384216308594,32.75287837982178,0,
2003,27,Daman and Diu,34.40253448486328,38.27393417358398,9,84.0
2003,28,Goa,32.092979431152344,34.612946319580075,0,
2003,29,Bihar,35.0382194519043,40.74803085327148,32,101.0
2003,30,Madhya Pradesh,37.07324981689453,42.14951038360596,64,101.0
2003,31,Uttar Pradesh,32.874046325683594,39.045132637023926,12,138.0
2004,0,Andaman & Nicobar,29.136425018310547,31.204779434204102,0,
2004,1,Andhra Pradesh,35.489864349365234,39.176396942138666,13,77.0
2004,2,Assam,28.392940521240234,31.7049614906311,0,
2004,3,Chandigarh,35.61875534057617,42.74867553710937,30,103.0
2004,4,Dadra and Nagar Haveli,34.64504623413086,39.72811393737793,22,68.0
2004,5,Delhi,36.9944953918457,42.53466358184814,45,82.0
2004,6,Gujarat,36.825809478759766,40.064728546142575,43,75.0
2004,7,Haryana,37.03534698486328,42.8031566619873,45,82.0
2004,8,Himachal Pradesh,12.146285057067871,17.411512756347655,0,
2004,9,Jammu and Kashmir,2.181889057159424,10.56550369262695,0,
2004,10,Kerala,29.31907844543457,34.56268310546875,0,
2004,12,Maharashtra,36.243385314941406,39.4349889755249,41,76.0
2004,13,Manipur,26.011507034301758,28.98279151916504,0,
2004,14,Meghalaya,26.453641891479492,29.143065547943113,0,
2004,15,Karnataka,32.60551452636719,37.032202339172365,0,
2004,16,Nagaland,24.496803283691406,27.04714593887329,0,
2004,17,Orissa,35.53364562988281,40.127227973937984,23,81.0
2004,18,Pondicherry,32.17041778564453,34.407582855224604,0,
2004,19,Punjab,36.29672622680664,42.76569366455078,41,98.0
2004,20,Rajasthan,38.479854583740234,42.13431739807129,81,75.0
2004,21,Tamil Nadu,33.79219055175781,37.347258758544925,2,108.0
2004,22,Tripura,30.964818954467773,34.31903419494629,0,
2004,23,West Bengal,33.83151626586914,38.195736503601076,10,106.0
2004,24,Sikkim,9.528809547424316,13.119105291366576,0,
2004,25,Arunachal Pradesh,16.91888999938965,20.674624824523924,0,
2004,26,Mizoram,28.912961959838867,32.37219829559326,0,
2004,27,Daman and Diu,34.31058120727539,39.18624763488769,10,75.0
2004,28,Goa,31.2475528717041,34.99239177703857,0,
2004,29,Bihar,35.27511978149414,40.42087192535401,26,83.0
2004,30,Madhya Pradesh,36.88334655761719,40.84164180755615,54,77.0
2004,31,Uttar Pradesh,33.420475006103516,38.54782009124755,12,107.0
2005,0,Andaman & Nicobar,29.41291618347168,30.79930124282837,0,
2005,1,Andhra Pradesh,36.49008560180664,40.03484401702881,35,108.0
2005,2,Assam,28.423967361450195,32.08406448364258,0,
2005,3,Chandigarh,33.90949630737305,41.812249755859376,40,111.0
2005,4,Dadra and Nagar Haveli,34.69720458984375,39.534984970092765,10,91.0
2005,5,Delhi,36.30924606323242,42.76312122344971,55,96.0
2005,6,Gujarat,36.49116516113281,39.636170387268066,45,93.0
2005,7,Haryana,35.81650924682617,42.835584449768064,51,96.0
2005,8,Himachal Pradesh,9.888266563415527,17.399365997314447,0,
2005,9,Jammu and Kashmir,0.0668276846408844,11.527371454238885,0,
2005,10,Kerala,29.912893295288086,33.615419387817376,0,
2005,12,Maharashtra,36.42970657348633,40.54488525390625,38,94.0
2005,13,Manipur,26.912870407104492,30.410559749603273,0,
2005,14,Meghalaya,26.574262619018555,29.13300094604492,0,
2005,15,Karnataka,33.508201599121094,36.71276149749755,0,
2005,16,Nagaland,24.613977432250977,28.01652202606201,0,
2005,17,Orissa,36.38427734375,40.73726959228515,44,106.0
2005,18,Pondicherry,32.73657989501953,35.44730453491211,0,
2005,19,Punjab,34.03350830078125,42.44302635192871,43,132.0
2005,20,Rajasthan,36.907806396484375,41.809865379333495,57,95.0
2005,21,Tamil Nadu,34.02003479003906,36.94431743621826,0,
2005,22,Tripura,31.518075942993164,34.27758350372314,0,
2005,23,West Bengal,34.1859016418457,37.78868026733398,6,151.0
2005,24,Sikkim,8.73967170715332,13.509338521957398,0,
2005,25,Arunachal Pradesh,16.395902633666992,22.24885540008545,0,
2005,26,Mizoram,30.075420379638672,33.29948081970215,0,
2005,27,Daman and Diu,34.172882080078125,38.28114318847656,8,93.0
2005,28,Goa,31.824323654174805,34.63306732177735,0,
2005,29,Bihar,36.2365837097168,41.500054550170894,47,105.0
2005,30,Madhya Pradesh,37.0335578918457,41.82967758178711,56,96.0
2005,31,Uttar Pradesh,33.5121955871582,39.333709716796875,21,145.0
2006,0,Andaman & Nicobar,28.762062072753906,29.637793350219727,0,
2006,1,Andhra Pradesh,35.031436920166016,39.36200790405273,17,96.0
2006,2,Assam,29.463294982910156,32.99206180572509,0,
2006,3,Chandigarh,34.28675079345703,40.82713012695312,28,115.0
2006,4,Dadra and Nagar Haveli,33.77404022216797,37.88410491943359,4,88.0
2006,5,Delhi,35.81493377685547,41.46703033447265,53,96.0
2006,6,Gujarat,36.000648498535156,39.88262672424316,25,96.0
2006,7,Haryana,35.817108154296875,42.074208641052245,53,97.0
2006,8,Himachal Pradesh,10.667110443115234,17.520879268646237,0,
2006,9,Jammu and Kashmir,1.294829249382019,11.285947799682615,0,
2006,10,Kerala,29.376638412475586,32.37291488647461,0,
2006,12,Maharashtra,35.24773025512695,39.79464340209961,29,96.0
2006,13,Manipur,27.0418701171875,29.58677406311035,0,
2006,14,Meghalaya,27.189882278442383,30.375549221038817,0,
2006,15,Karnataka,32.67050552368164,36.283371162414554,0,
2006,16,Nagaland,25.164825439453125,27.87542905807495,0,
2006,17,Orissa,34.35382080078125,37.938762474060056,6,101.0
2006,18,Pondicherry,32.51898956298828,34.8455732345581,0,
2006,19,Punjab,35.19981384277344,42.3347936630249,47,115.0
2006,20,Rajasthan,37.02757263183594,42.69561214447021,61,95.0
2006,21,Tamil Nadu,34.00314712524414,36.928488159179686,0,
2006,22,Tripura,32.199745178222656,35.90835247039794,0,
2006,23,West Bengal,33.25068664550781,36.94373836517334,0,
2006,24,Sikkim,9.078510284423828,13.327230262756347,0,
2006,25,Arunachal Pradesh,17.12971305847168,21.462868785858152,0,
2006,26,Mizoram,30.103195190429688,33.17883415222168,0,
2006,27,Daman and Diu,33.584991455078125,36.50283584594727,0,
2006,28,Goa,31.08003044128418,33.98780765533447,0,
2006,29,Bihar,34.41328048706055,39.45514049530029,13,85.0
2006,30,Madhya Pradesh,35.66741180419922,40.509004783630374,35,96.0
2006,31,Uttar Pradesh,32.22714614868164,36.633628082275386,1,121.0
2007,0,Andaman & Nicobar,29.026174545288086,30.30610933303833,0,
2007,1,Andhra Pradesh,35.73810577392578,39.75608596801758,28,93.0
2007,2,Assam,28.837804794311523,32.949981117248534,0,
2007,3,Chandigarh,34.27252960205078,41.80120239257812,43,102.0
2007,4,Dadra and Nagar Haveli,34.72886276245117,39.76088066101074,16,86.0
2007,5,Delhi,35.821746826171875,42.741506958007804,55,101.0
2007,6,Gujarat,36.50442886352539,39.944255638122556,40,87.0
2007,7,Haryana,36.030784606933594,42.68440189361572,62,101.0
2007,8,Himachal Pradesh,11.776789665222168,18.79908475875854,0,
2007,9,Jammu and Kashmir,2.561286687850952,13.536464548110956,0,
2007,10,Kerala,30.024595260620117,33.57110652923584,0,
2007,12,Maharashtra,35.88908004760742,39.512229156494136,37,87.0
2007,13,Manipur,26.237993240356445,29.98179330825805,0,
2007,14,Meghalaya,26.60482406616211,30.114394760131834,0,
2007,15,Karnataka,33.141578674316406,36.212994766235354,0,
2007,16,Nagaland,24.78154945373535,28.438444995880126,0,
2007,17,Orissa,34.994529724121094,38.58727741241455,18,91.0
2007,18,Pondicherry,32.328956604003906,35.74910278320312,0,
2007,19,Punjab,35.027706146240234,42.409295654296876,55,102.0
2007,20,Rajasthan,37.298431396484375,42.23704319000244,75,89.0
2007,21,Tamil Nadu,34.1956901550293,37.21834812164307,0,
2007,22,Tripura,31.062644958496094,34.528754997253415,0,
2007,23,West Bengal,33.23046112060547,37.44161548614502,5,92.0
2007,24,Sikkim,9.718949317932129,14.242299222946164,0,
2007,25,Arunachal Pradesh,17.371196746826172,22.06006784439087,0,
2007,26,Mizoram,29.268596649169922,33.37727947235107,0,
2007,27,Daman and Diu,34.013877868652344,38.648292541503906,8,88.0
2007,28,Goa,31.590652465820312,34.226536941528316,0,
2007,29,Bihar,34.571781158447266,39.898491287231444,18,91.0
2007,30,Madhya Pradesh,36.35353469848633,40.3728271484375,60,90.0
2007,31,Uttar Pradesh,32.41817855834961,38.13216857910156,7,152.0
2008,0,Andaman & Nicobar,28.534061431884766,29.71551351547241,0,
2008,1,Andhra Pradesh,35.230857849121094,39.54580936431885,34,109.0
2008,2,Assam,28.7017822265625,31.68581705093384,0,
2008,3,Chandigarh,33.7709846496582,40.01845092773437,23,112.0
2008,4,Dadra and Nagar Haveli,33.93368148803711,38.0200855255127,7,102.0
2008,5,Delhi,34.979400634765625,41.344732666015624,28,105.0
2008,6,Gujarat,35.772674560546875,39.05495109558105,20,103.0
2008,7,Haryana,35.049137115478516,41.117259788513174,29,111.0
2008,8,Himachal Pradesh,11.071612358093262,17.14501142501831,0,
2008,9,Jammu and Kashmir,2.350168228149414,13.66257796287536,0,
2008,10,Kerala,28.70392417907715,32.83529186248779,0,
2008,12,Maharashtra,35.30868148803711,39.8467514038086,33,103.0
2008,13,Manipur,26.468517303466797,30.075279331207273,0,
2008,14,Meghalaya,26.563220977783203,29.41375856399536,0,
2008,15,Karnataka,31.951658248901367,35.606439208984376,0,
2008,16,Nagaland,24.574392318725586,27.33537492752075,0,
2008,17,Orissa,34.49803924560547,39.30667972564697,24,108.0
2008,18,Pondicherry,32.308467864990234,35.61393756866455,0,
2008,19,Punjab,34.7228889465332,41.20619163513183,31,112.0
2008,20,Rajasthan,36.651588439941406,40.97416362762451,45,102.0
2008,21,Tamil Nadu,33.24767303466797,36.714620399475095,0,
2008,22,Tripura,31.602495193481445,35.291325378417966,0,
2008,23,West Bengal,33.2952766418457,37.44477920532226,2,112.0
2008,24,Sikkim,9.045045852661133,13.874758386611937,0,
2008,25,Arunachal Pradesh,16.82332420349121,21.460459136962886,0,
2008,26,Mizoram,29.82719612121582,34.49850559234619,0,
2008,27,Daman and Diu,33.06734085083008,37.45822048187256,5,112.0
2008,28,Goa,30.963333129882812,34.68232803344726,0,
2008,29,Bihar,34.586734771728516,40.18397197723389,27,103.0
2008,30,Madhya Pradesh,35.60444641113281,40.597565269470216,49,103.0
2008,31,Uttar Pradesh,32.040977478027344,37.8646354675293,4,118.0
2009,0,Andaman & Nicobar,28.908716201782227,30.048873996734617,0,
2009,1,Andhra Pradesh,36.921119689941406,39.89733963012695,36,103.0
2009,2,Assam,29.533906936645508,32.51922912597656,0,
2009,3,Chandigarh,35.33732604980469,41.497711181640625,42,109.0
2009,4,Dadra and Nagar Haveli,35.67481994628906,40.19059391021728,24,70.0
2009,5,Delhi,36.92179489135742,42.920973777770996,58,105.0
2009,6,Gujarat,37.192604064941406,40.49489345550537,49,90.0
2009,7,Haryana,36.79423904418945,42.839437866210936,60,104.0
2009,8,Himachal Pradesh,10.911452293395996,18.785684204101557,0,
2009,9,Jammu and Kashmir,0.4297887980937958,9.598692083358756,0,
2009,10,Kerala,29.622913360595703,33.47012195587158,0,
2009,12,Maharashtra,37.11881637573242,40.432732582092285,47,91.0
2009,13,Manipur,26.954914093017578,30.121564483642576,0,
2009,14,Meghalaya,27.308246612548828,30.022684001922606,0,
2009,15,Karnataka,33.38517761230469,36.531507301330564,0,
2009,16,Nagaland,25.089754104614258,27.77206048965454,0,
2009,17,Orissa,37.159576416015625,41.17352256774902,46,94.0
2009,18,Pondicherry,32.72196960449219,35.208817863464354,0,
2009,19,Punjab,36.11685562133789,43.006827926635744,53,109.0
2009,20,Rajasthan,38.06655502319336,43.08633804321289,69,103.0
2009,21,Tamil Nadu,34.67900085449219,37.83248443603516,5,122.0
2009,22,Tripura,32.2441291809082,35.18236312866211,0,
2009,23,West Bengal,34.34412384033203,38.80895862579346,12,108.0
2009,24,Sikkim,9.401796340942383,13.820797061920162,0,
2009,25,Arunachal Pradesh,17.325763702392578,21.523670864105224,0,
2009,26,Mizoram,30.33417510986328,33.74165496826172,0,
2009,27,Daman and Diu,34.631507873535156,38.80797805786133,13,91.0
2009,28,Goa,31.857505798339844,34.52042655944824,0,
2009,29,Bihar,36.03413009643555,40.56565780639649,38,104.0
2009,30,Madhya Pradesh,37.942604064941406,41.414470481872556,73,93.0
2009,31,Uttar Pradesh,33.864864349365234,39.020913124084466,15,110.0
2010,0,Andaman & Nicobar,30.102005004882812,31.625412082672117,0,
2010,1,Andhra Pradesh,36.941898345947266,40.04100284576416,59,80.0
2010,2,Assam,28.32649040222168,30.87311363220215,0,
2010,3,Chandigarh,36.3945198059082,42.322149658203124,50,98.0
2010,4,Dadra and Nagar Haveli,35.56583023071289,39.975946044921876,33,69.0
2010,5,Delhi,39.04241180419922,44.38567752838134,82,80.0
2010,6,Gujarat,38.18733215332031,41.49831638336182,69,76.0
2010,7,Haryana,38.46113586425781,43.86999320983887,73,80.0
2010,8,Himachal Pradesh,11.975217819213867,16.828859710693358,0,
2010,9,Jammu and Kashmir,1.4993520975112915,8.416463088989257,0,
2010,10,Kerala,30.463048934936523,34.68164405822754,0,
2010,12,Maharashtra,37.474361419677734,41.1038158416748,63,80.0
2010,13,Manipur,26.92034149169922,29.87039260864258,0,
2010,14,Meghalaya,27.005714416503906,29.79639310836792,0,
2010,15,Karnataka,34.05078125,36.9565544128418,0,
2010,16,Nagaland,24.894886016845703,27.028530597686768,0,
2010,17,Orissa,36.82781219482422,40.34233932495117,55,81.0
2010,18,Pondicherry,33.19752883911133,35.78474636077881,0,
2010,19,Punjab,37.55438232421875,43.700300788879396,68,98.0
2010,20,Rajasthan,39.67267608642578,44.40493202209473,90,79.0
2010,21,Tamil Nadu,35.21514129638672,37.800193786621094,5,101.0
2010,22,Tripura,31.49108123779297,34.954619789123534,0,
2010,23,West Bengal,35.02280807495117,38.39319610595703,12,95.0
2010,24,Sikkim,10.26011848449707,13.607555437088012,0,
2010,25,Arunachal Pradesh,16.857099533081055,20.42801818847656,0,
2010,26,Mizoram,29.70395278930664,33.80214309692383,0,
2010,27,Daman and Diu,35.47234344482422,39.1187219619751,21,77.0
2010,28,Goa,32.330894470214844,35.0568021774292,0,
2010,29,Bihar,37.446868896484375,41.70135860443115,61,81.0
2010,30,Madhya Pradesh,38.70255661010742,42.3082950592041,82,80.0
2010,31,Uttar Pradesh,35.262821197509766,39.02970600128174,22,101.0
2011,0,Andaman & Nicobar,28.440460205078125,29.360074043273926,0,
2011,1,Andhra Pradesh,35.728084564208984,38.952033042907715,22,123.0
2011,2,Assam,28.737545013427734,31.025614738464355,0,
2011,3,Chandigarh,32.797279357910156,39.33870239257812,20,121.0
2011,4,Dadra and Nagar Haveli,34.40178680419922,37.7640754699707,4,74.0
2011,5,Delhi,35.44065475463867,42.016204833984375,42,115.0
2011,6,Gujarat,36.52296447753906,39.42525386810303,33,75.0
2011,7,Haryana,35.26525115966797,41.85192527770996,42,115.0
2011,8,Himachal Pradesh,10.375630378723145,16.655729293823242,0,
2011,9,Jammu and Kashmir,0.8582531809806824,11.820275640487667,0,
2011,10,Kerala,29.48865509033203,33.253572654724124,0,
2011,12,Maharashtra,35.52404022216797,38.99832744598388,22,116.0
2011,13,Manipur,25.719030380249023,27.926155567169186,0,
2011,14,Meghalaya,26.539363861083984,28.748372745513915,0,
2011,15,Karnataka,32.5610237121582,35.116136360168454,0,
2011,16,Nagaland,24.555295944213867,26.969478607177734,0,
2011,17,Orissa,34.40409851074219,38.06241245269775,7,130.0
2011,18,Pondicherry,32.521846771240234,34.771506500244136,0,
2011,19,Punjab,34.4157829284668,41.47605190277099,40,115.0
2011,20,Rajasthan,37.22255325317383,42.412486457824706,56,113.0
2011,21,Tamil Nadu,34.28071594238281,36.332013320922854,0,
2011,22,Tripura,30.927045822143555,33.909173011779785,0,
2011,23,West Bengal,32.851932525634766,35.217507934570314,0,
2011,24,Sikkim,8.967100143432617,13.246097898483276,0,
2011,25,Arunachal Pradesh,16.763965606689453,21.57475118637085,0,
2011,26,Mizoram,28.842140197753906,32.10616188049316,0,
2011,27,Daman and Diu,34.00467300415039,37.285709381103516,2,75.0
2011,28,Goa,31.425647735595703,34.57545413970947,0,
2011,29,Bihar,34.514949798583984,38.24154090881348,9,123.0
2011,30,Madhya Pradesh,35.91598129272461,40.706804275512695,39,107.0
2011,31,Uttar Pradesh,32.305084228515625,37.45259265899658,1,136.0
2012,0,Andaman & Nicobar,29.00720977783203,30.315406799316406,0,
2012,1,Andhra Pradesh,36.84011459350586,40.73639812469482,35,79.0
2012,2,Assam,28.78771209716797,32.29816303253174,0,
2012,3,Chandigarh,34.85381317138672,42.017486572265625,46,129.0
2012,4,Dadra and Nagar Haveli,34.321014404296875,38.38538017272949,9,83.0
2012,5,Delhi,36.41025924682617,42.946164512634276,54,127.0
2012,6,Gujarat,36.18720626831055,38.76729393005371,31,88.0
2012,7,Haryana,36.10782241821289,42.79746417999267,52,128.0
2012,8,Himachal Pradesh,10.290369033813477,17.96130256652832,0,
2012,9,Jammu and Kashmir,0.08117733150720596,9.652646636962885,0,
2012,10,Kerala,29.675525665283203,32.907620429992676,0,
2012,12,Maharashtra,36.585086822509766,39.643912887573244,40,84.0
2012,13,Manipur,26.473194122314453,29.98322649002075,0,
2012,14,Meghalaya,26.979806900024414,29.70136270523071,0,
2012,15,Karnataka,33.31349182128906,36.068132591247554,0,
2012,16,Nagaland,24.822900772094727,28.21453399658203,0,
2012,17,Orissa,36.2939338684082,40.59269866943359,33,109.0
2012,18,Pondicherry,33.3341064453125,36.33428764343262,0,
2012,19,Punjab,35.170257568359375,43.1374361038208,49,129.0
2012,20,Rajasthan,36.96242904663086,41.54297103881836,66,91.0
2012,21,Tamil Nadu,35.21232604980469,37.36996974945068,0,
2012,22,Tripura,31.264657974243164,34.539466285705565,0,
2012,23,West Bengal,34.69182205200195,38.56120853424072,12,115.0
2012,24,Sikkim,8.895698547363281,13.38944215774536,0,
2012,25,Arunachal Pradesh,16.429697036743164,21.384617137908933,0,
2012,26,Mizoram,29.357959747314453,32.81857395172119,0,
2012,27,Daman and Diu,33.73866271972656,37.25237617492676,2,89.0
2012,28,Goa,31.128660202026367,33.69844131469726,0,
2012,29,Bihar,36.43551254272461,41.51726856231689,53,109.0
2012,30,Madhya Pradesh,36.959922790527344,41.73933563232422,51,93.0
2012,31,Uttar Pradesh,33.85603713989258,39.928464317321776,26,138.0
2013,0,Andaman & Nicobar,29.255855560302734,30.49349355697632,0,
2013,1,Andhra Pradesh,35.76338195800781,40.46454334259033,30,95.0
2013,2,Assam,29.242908477783203,31.954634380340575,0,
2013,3,Chandigarh,32.70866775512695,41.47440795898437,22,125.0
2013,4,Dadra and Nagar Haveli,33.87222671508789,38.46699275970459,11,66.0
2013,5,Delhi,35.10073471069336,42.79792346954345,40,106.0
2013,6,Gujarat,35.852294921875,39.63232536315918,33,103.0
2013,7,Haryana,35.02202606201172,42.734300422668454,40,106.0
2013,8,Himachal Pradesh,10.471940994262695,16.96812810897827,0,
2013,9,Jammu and Kashmir,1.1649636030197144,11.129106044769287,0,
2013,10,Kerala,29.601516723632812,33.56534366607666,0,
2013,12,Maharashtra,35.44413757324219,40.363894844055174,40,97.0
2013,13,Manipur,26.270971298217773,28.72620830535888,0,
2013,14,Meghalaya,27.116580963134766,29.863281154632567,0,
2013,15,Karnataka,32.92311096191406,36.6582405090332,0,
2013,16,Nagaland,24.891138076782227,27.610668754577635,0,
2013,17,Orissa,35.02085876464844,40.19985866546631,27,97.0
2013,18,Pondicherry,32.925235748291016,35.85177021026611,0,
2013,19,Punjab,34.16909408569336,43.124381065368645,36,124.0
2013,20,Rajasthan,36.683956146240234,42.407031249999996,44,105.0
2013,21,Tamil Nadu,34.713592529296875,38.17782802581787,7,123.0
2013,22,Tripura,31.276098251342773,34.59760856628418,0,
2013,23,West Bengal,33.13563919067383,37.61846790313721,3,100.0
2013,24,Sikkim,9.210205078125,14.066615962982176,0,
2013,25,Arunachal Pradesh,17.1661376953125,22.44932470321655,0,
2013,26,Mizoram,29.10432243347168,32.44737844467163,0,
2013,27,Daman and Diu,33.709835052490234,38.05612983703613,7,115.0
2013,28,Goa,31.19084930419922,35.37099418640136,0,
2013,29,Bihar,34.13667297363281,39.20311450958252,17,98.0
2013,30,Madhya Pradesh,35.54295349121094,42.10864334106444,44,98.0
2013,31,Uttar Pradesh,32.10919952392578,37.84104290008545,3,139.0
2014,0,Andaman & Nicobar,29.476844787597656,31.06786699295044,0,
2014,1,Andhra Pradesh,36.05282974243164,39.03446521759033,20,88.0
2014,2,Assam,29.787479400634766,33.67431182861328,0,
2014,3,Chandigarh,32.96619415283203,42.94577026367187,33,119.0
2014,4,Dadra and Nagar Haveli,35.07594680786133,39.12088623046875,12,94.0
2014,5,Delhi,34.870460510253906,43.391292762756336,43,118.0
2014,6,Gujarat,36.57120895385742,40.571640205383304,41,95.0
2014,7,Haryana,34.758785247802734,43.2163438796997,43,118.0
2014,8,Himachal Pradesh,9.529367446899414,17.434192848205566,0,
2014,9,Jammu and Kashmir,0.22102780640125275,10.368491840362545,0,
2014,10,Kerala,30.4141902923584,35.37116470336914,0,
2014,12,Maharashtra,35.9432258605957,39.49071140289307,35,89.0
2014,13,Manipur,27.115461349487305,30.636500740051268,0,
2014,14,Meghalaya,27.362573623657227,30.83378648757934,0,
2014,15,Karnataka,33.39634323120117,36.41842918395996,0,
2014,16,Nagaland,25.350788116455078,28.27699899673462,0,
2014,17,Orissa,34.90907669067383,38.791775703430176,24,88.0
2014,18,Pondicherry,33.08107376098633,36.330764579772946,0,
2014,19,Punjab,33.65218734741211,42.730201721191406,40,118.0
2014,20,Rajasthan,36.543479919433594,43.31443290710449,55,102.0
2014,21,Tamil Nadu,35.370304107666016,37.51397151947022,1,91.0
2014,22,Tripura,32.09141159057617,36.12966651916504,0,
2014,23,West Bengal,34.069496154785156,38.61904029846191,17,112.0
2014,24,Sikkim,8.797111511230469,13.173695468902588,0,
2014,25,Arunachal Pradesh,16.79782485961914,21.40591344833374,0,
2014,26,Mizoram,30.08793067932129,34.43993854522705,0,
2014,27,Daman and Diu,33.880523681640625,37.66007251739502,5,113.0
2014,28,Goa,31.952932357788086,35.525412940979,0,
2014,29,Bihar,34.91707229614258,39.76389331817627,29,112.0
2014,30,Madhya Pradesh,35.95094299316406,41.285163116455074,38,96.0
2014,31,Uttar Pradesh,32.4400749206543,39.48523902893066,11,121.0
2015,0,Andaman & Nicobar,29.368022918701172,30.3998161315918,0,
2015,1,Andhra Pradesh,35.085914611816406,41.256247711181636,19,94.0
2015,2,Assam,28.539846420288086,31.54546890258789,0,
2015,3,Chandigarh,32.85977554321289,40.827337646484374,33,109.0
2015,4,Dadra and Nagar Haveli,34.12980270385742,38.30530185699463,11,82.0
2015,5,Delhi,34.43798828125,42.51990089416504,42,109.0
2015,6,Gujarat,36.47160720825195,40.63389072418213,56,81.0
2015,7,Haryana,34.43921661376953,42.17601280212402,42,109.0
2015,8,Himachal Pradesh,9.856871604919434,15.863554430007932,0,
2015,9,Jammu and Kashmir,0.21054145693778992,8.466257715225217,0,
2015,10,Kerala,29.447486877441406,32.957044792175296,0,
2015,12,Maharashtra,34.9616584777832,40.11468086242676,35,109.0
2015,13,Manipur,26.21693229675293,28.80931158065796,0,
2015,14,Meghalaya,26.244722366333008,28.82334394454956,0,
2015,15,Karnataka,32.3393669128418,35.54438152313232,0,
2015,16,Nagaland,24.725353240966797,27.429331398010255,0,
2015,17,Orissa,34.169639587402344,38.743766403198244,15,112.0
2015,18,Pondicherry,32.1064567565918,34.71547317504883,0,
2015,19,Punjab,32.973304748535156,41.25922145843506,34,125.0
2015,20,Rajasthan,36.41561508178711,42.66911792755127,56,107.0
2015,21,Tamil Nadu,33.25371170043945,35.91599960327149,0,
2015,22,Tripura,30.950620651245117,33.699832916259766,0,
2015,23,West Bengal,32.48750305175781,36.22938022613525,0,
2015,24,Sikkim,8.865495681762695,13.459037923812865,0,
2015,25,Arunachal Pradesh,16.774385452270508,20.90484457015991,0,
2015,26,Mizoram,29.325468063354492,32.35769176483154,0,
2015,27,Daman and Diu,33.7374153137207,37.90007152557373,6,108.0
2015,28,Goa,31.23657989501953,34.020846939086915,0,
2015,29,Bihar,33.92439651489258,39.86073532104491,18,125.0
2015,30,Madhya Pradesh,35.096717834472656,41.94646377563477,44,109.0
2015,31,Uttar Pradesh,31.622058868408203,38.82920417785644,10,141.0
2016,0,Andaman & Nicobar,30.132970809936523,32.0968318939209,0,
2016,1,Andhra Pradesh,36.245323181152344,40.03651790618896,46,80.0
2016,2,Assam,28.416589736938477,31.37293815612793,0,
2016,3,Chandigarh,35.08351516723633,41.089038085937496,31,106.0
2016,4,Dadra and Nagar Haveli,34.669864654541016,37.7489912033081,5,83.0
2016,5,Delhi,36.35045623779297,42.020610618591306,51,94.0
2016,6,Gujarat,37.00125503540039,40.67711849212647,34,84.0
2016,7,Haryana,36.402278900146484,42.41145858764648,56,94.0
2016,8,Himachal Pradesh,11.764957427978516,18.302515316009522,0,
2016,9,Jammu and Kashmir,2.464411735534668,12.186467599868772,0,
2016,10,Kerala,30.73548126220703,34.23876190185547,0,
2016,12,Maharashtra,36.711483001708984,40.362362480163576,54,84.0
2016,13,Manipur,26.180034637451172,29.26753454208374,0,
2016,14,Meghalaya,26.614009857177734,29.08276424407959,0,
2016,15,Karnataka,33.79475021362305,37.718668937683105,4,105.0
2016,16,Nagaland,24.283811569213867,26.853726673126218,0,
2016,17,Orissa,35.78806686401367,40.10110607147217,33,95.0
2016,18,Pondicherry,32.68082046508789,34.7694486618042,0,
2016,19,Punjab,35.62327194213867,42.493283081054685,50,106.0
2016,20,Rajasthan,37.93540954589844,43.85379199981689,69,93.0
2016,21,Tamil Nadu,34.756492614746094,38.027866744995116,7,104.0
2016,22,Tripura,31.167333602905273,33.76887798309326,0,
2016,23,West Bengal,33.920005798339844,38.75437545776367,14,101.0
2016,24,Sikkim,9.451556205749512,13.224319982528685,0,
2016,25,Arunachal Pradesh,16.9698486328125,21.537258052825926,0,
2016,26,Mizoram,29.144264221191406,32.17384204864502,0,
2016,27,Daman and Diu,34.40898513793945,37.10792484283447,4,118.0
2016,28,Goa,31.862329483032227,34.78391780853271,0,
2016,29,Bihar,35.78843688964844,41.053575134277345,31,96.0
2016,30,Madhya Pradesh,37.15483856201172,41.108755302429195,63,86.0
2016,31,Uttar Pradesh,33.339664459228516,37.40283222198486,4,123.0
2017,0,Andaman & Nicobar,29.168445587158203,30.2043888092041,0,
2017,1,Andhra Pradesh,36.47954177856445,40.30165691375732,54,89.0
2017,2,Assam,27.878664016723633,31.861986732482908,0,
2017,3,Chandigarh,34.88302230834961,41.670196533203125,35,90.0
2017,4,Dadra and Nagar Haveli,34.46722412109375,39.111945724487306,16,85.0
2017,5,Delhi,36.13385772705078,42.38442764282227,51,89.0
2017,6,Gujarat,37.00693893432617,40.78602542877197,51,85.0
2017,7,Haryana,36.35814666748047,42.731544685363765,54,87.0
2017,8,Himachal Pradesh,10.792899131774902,17.55351066589355,0,
2017,9,Jammu and Kashmir,1.1703672409057617,10.314663743972776,0,
2017,10,Kerala,29.566747665405273,32.88508644104004,0,
2017,12,Maharashtra,36.40049362182617,40.283517837524414,64,84.0
2017,13,Manipur,25.28648567199707,28.51668434143066,0,
2017,14,Meghalaya,25.65591812133789,28.901779174804688,0,
2017,15,Karnataka,33.64089584350586,37.053487396240236,0,
2017,16,Nagaland,23.946231842041016,27.010264682769776,0,
2017,17,Orissa,35.56605529785156,39.550110054016116,35,88.0
2017,18,Pondicherry,32.999122619628906,36.12509994506836,0,
2017,19,Punjab,35.38078308105469,42.52723159790039,45,103.0
2017,20,Rajasthan,37.55274200439453,42.48056907653809,75,86.0
2017,21,Tamil Nadu,35.0314826965332,37.8097728729248,3,106.0
2017,22,Tripura,30.32050895690918,33.576285934448244,0,
2017,23,West Bengal,33.00672149658203,35.97406597137451,0,
2017,24,Sikkim,8.852497100830078,13.647534847259521,0,
2017,25,Arunachal Pradesh,16.53394317626953,21.364958095550534,0,
2017,26,Mizoram,28.63611602783203,32.62816314697265,0,
2017,27,Daman and Diu,34.42276382446289,39.20898456573486,15,86.0
2017,28,Goa,31.699567794799805,34.54022006988525,0,
2017,29,Bihar,34.64130401611328,39.071029853820804,14,115.0
2017,30,Madhya Pradesh,37.07020950317383,41.296109962463376,63,87.0
2017,31,Uttar Pradesh,32.916778564453125,37.380707359313966,5,134.0
2018,0,Andaman & Nicobar,29.043081283569336,30.092041110992433,0,
2018,1,Andhra Pradesh,36.01115798950195,38.90378360748291,29,107.0
2018,2,Assam,28.755355834960938,31.436254501342773,0,
2018,3,Chandigarh,34.828460693359375,41.64443969726562,31,115.0
2018,4,Dadra and Nagar Haveli,34.8619499206543,38.14972133636474,8,84.0
2018,5,Delhi,36.359092712402344,41.70331592559814,52,106.0
2018,6,Gujarat,37.71625518798828,40.830377197265626,67,85.0
2018,7,Haryana,36.39332580566406,42.11088829040527,51,109.0
2018,8,Himachal Pradesh,11.382266998291016,17.846249294281005,0,
2018,9,Jammu and Kashmir,2.1382482051849365,10.525750064849854,0,
2018,10,Kerala,29.805688858032227,33.98586235046387,0,
2018,12,Maharashtra,36.27708053588867,40.08497867584229,50,88.0
2018,13,Manipur,25.63304328918457,27.788460445404052,0,
2018,14,Meghalaya,26.28367805480957,28.65024995803833,0,
2018,15,Karnataka,32.73712921142578,36.1798734664917,0,
2018,16,Nagaland,24.47174644470215,27.35800323486328,0,
2018,17,Orissa,34.732479095458984,37.36632308959961,1,128.0
2018,18,Pondicherry,32.53410339355469,34.40678997039795,0,
2018,19,Punjab,35.767879486083984,42.36309757232666,45,115.0
2018,20,Rajasthan,38.32771682739258,43.12048416137695,77,87.0
2018,21,Tamil Nadu,34.22908401489258,36.882737731933595,0,
2018,22,Tripura,30.912368774414062,33.26366901397705,0,
2018,23,West Bengal,32.601409912109375,34.843842124938966,0,
2018,24,Sikkim,8.757349967956543,13.788907289505005,0,
2018,25,Arunachal Pradesh,17.084808349609375,21.552578830718993,0,
2018,26,Mizoram,29.038148880004883,31.791663360595702,0,
2018,27,Daman and Diu,34.85364532470703,38.23720474243164,13,84.0
2018,28,Goa,31.773372650146484,35.021810150146486,0,
2018,29,Bihar,34.68474197387695,37.717347145080566,3,128.0
2018,30,Madhya Pradesh,37.004581451416016,41.09677429199219,52,89.0
2018,31,Uttar Pradesh,33.32907485961914,37.743330574035646,4,142.0
2019,0,Andaman & Nicobar,29.560712814331055,31.157551574707032,0,
2019,1,Andhra Pradesh,37.41635513305664,40.19986934661865,57,89.0
2019,2,Assam,28.583003997802734,32.334391784667964,0,
2019,3,Chandigarh,34.0004997253418,42.218939208984374,41,115.0
2019,4,Dadra and Nagar Haveli,34.84158706665039,38.898190116882326,16,83.0
2019,5,Delhi,35.94348907470703,42.723772048950195,56,104.0
2019,6,Gujarat,36.852989196777344,40.580277061462404,63,86.0
2019,7,Haryana,35.723880767822266,42.9882661819458,54,105.0
2019,8,Himachal Pradesh,10.341889381408691,16.80955171585083,0,
2019,9,Jammu and Kashmir,0.5145582556724548,7.26052975654602,0,
2019,10,Kerala,30.99344825744629,34.17932243347168,0,
2019,12,Maharashtra,37.39454650878906,40.98613719940185,68,85.0
2019,13,Manipur,26.558650970458984,30.010878086090088,0,
2019,14,Meghalaya,26.630767822265625,29.20840492248535,0,
2019,15,Karnataka,34.476070404052734,36.91404209136963,0,
2019,16,Nagaland,24.55124282836914,27.896806621551512,0,
2019,17,Orissa,35.34604263305664,38.61475162506103,20,105.0
2019,18,Pondicherry,33.46421432495117,35.489804649353026,0,
2019,19,Punjab,34.39580154418945,42.98942184448242,42,118.0
2019,20,Rajasthan,36.9887809753418,43.530205917358394,74,87.0
2019,21,Tamil Nadu,36.067630767822266,37.90851669311523,5,122.0
2019,22,Tripura,31.865076065063477,35.36198329925537,0,
2019,23,West Bengal,33.01485824584961,36.30918960571289,0,
2019,24,Sikkim,8.86175537109375,13.973987102508545,0,
2019,25,Arunachal Pradesh,16.722763061523438,21.97407531738281,0,
2019,26,Mizoram,29.9920597076416,33.80534133911133,0,
2019,27,Daman and Diu,34.10715103149414,37.83492107391357,5,84.0
2019,28,Goa,32.22018814086914,34.547806930541995,0,
2019,29,Bihar,35.50961685180664,40.47812843322754,40,105.0
2019,30,Madhya Pradesh,37.06657409667969,41.77596492767334,66,89.0
2019,31,Uttar Pradesh,33.00027084350586,38.61470603942871,13,128.0
2020,0,Andaman & Nicobar,29.511701583862305,30.88329906463623,0,
2020,1,Andhra Pradesh,35.470314025878906,39.40669250488281,14,124.0
2020,2,Assam,28.857145309448242,31.93738842010498,0,
2020,3,Chandigarh,32.08072280883789,39.93259887695312,18,142.0
2020,4,Dadra and Nagar Haveli,34.434898376464844,38.400739669799805,12,102.0
2020,5,Delhi,33.57032775878906,40.86573657989502,26,130.0
2020,6,Gujarat,36.345863342285156,40.44758491516113,49,96.0
2020,7,Haryana,34.020023345947266,41.700029563903804,35,105.0
2020,8,Himachal Pradesh,9.906189918518066,17.630365657806397,0,
2020,9,Jammu and Kashmir,1.2567050457000732,10.875166702270503,0,
2020,10,Kerala,30.562416076660156,34.03056526184082,0,
2020,12,Maharashtra,35.046913146972656,39.771571731567384,32,103.0
2020,13,Manipur,26.200712203979492,29.252809333801267,0,
2020,14,Meghalaya,26.44563102722168,29.263308620452882,0,
2020,15,Karnataka,33.14616775512695,35.924369430541994,0,
2020,16,Nagaland,24.302162170410156,27.175621032714844,0,
2020,17,Orissa,33.1148796081543,37.09414787292481,0,
2020,18,Pondicherry,32.68687057495117,34.71581916809082,0,
2020,19,Punjab,32.55632019042969,41.13685894012451,21,142.0
2020,20,Rajasthan,36.232723236083984,42.645797348022455,54,103.0
2020,21,Tamil Nadu,34.808589935302734,36.83780765533447,1,145.0
2020,22,Tripura,31.34527015686035,35.10080986022949,0,
2020,23,West Bengal,31.717731475830078,35.56255474090576,0,
2020,24,Sikkim,8.332039833068848,13.419632244110105,0,
2020,25,Arunachal Pradesh,16.41328239440918,21.016592693328857,0,
2020,26,Mizoram,29.386157989501953,32.98079490661621,0,
2020,27,Daman and Diu,33.932647705078125,37.59314479827881,4,103.0
2020,28,Goa,31.93584442138672,34.97253017425537,0,
2020,29,Bihar,32.06605529785156,36.57220191955567,2,146.0
2020,30,Madhya Pradesh,34.44112777709961,40.746048927307115,29,104.0
2020,31,Uttar Pradesh,30.368093490600586,36.048086166381836,3,145.0
2021,0,Andaman & Nicobar,29.26432228088379,30.424997615814206,0,
2021,1,Andhra Pradesh,35.08400344848633,37.593750190734866,4,89.0
2021,2,Assam,29.61739158630371,33.00058135986328,0,
2021,3,Chandigarh,33.41493225097656,39.15231018066405,10,117.0
2021,4,Dadra and Nagar Haveli,34.142555236816406,38.17320880889893,8,84.0
2021,5,Delhi,35.549896240234375,40.9193878173828,29,95.0
2021,6,Gujarat,36.40726089477539,39.225783348083496,34,86.0
2021,7,Haryana,35.31230926513672,40.427700424194335,30,103.0
2021,8,Himachal Pradesh,10.096001625061035,16.214485359191894,0,
2021,9,Jammu and Kashmir,0.7441642880439758,10.549998092651363,0,
2021,10,Kerala,29.712299346923828,33.51838684082031,0,
2021,12,Maharashtra,34.751163482666016,38.174373626708984,9,88.0
2021,13,Manipur,27.463817596435547,30.67934474945068,0,
2021,14,Meghalaya,27.365018844604492,30.28927230834961,0,
2021,15,Karnataka,31.996538162231445,35.95544433593749,0,
2021,16,Nagaland,25.209680557250977,27.831190299987792,0,
2021,17,Orissa,33.98732376098633,37.53711853027343,3,89.0
2021,18,Pondicherry,32.52763748168945,34.96683578491211,0,
2021,19,Punjab,34.51008987426758,40.55864791870117,27,117.0
2021,20,Rajasthan,36.789180755615234,40.17780532836914,49,87.0
2021,21,Tamil Nadu,33.89810562133789,36.18860340118408,1,92.0
2021,22,Tripura,32.70497512817383,36.28756866455078,0,
2021,23,West Bengal,33.09077835083008,36.46891479492187,0,
2021,24,Sikkim,8.961081504821777,13.441642951965331,0,
2021,25,Arunachal Pradesh,17.178373336791992,21.756111049652098,0,
2021,26,Mizoram,30.670791625976562,34.16936817169189,0,
2021,27,Daman and Diu,34.13859939575195,37.17517623901367,1,136.0
2021,28,Goa,31.381332397460938,35.34698429107666,0,
2021,29,Bihar,33.679107666015625,38.21593246459961,9,89.0
2021,30,Madhya Pradesh,35.166221618652344,38.71987934112549,11,88.0
2021,31,Uttar Pradesh,31.533035278320312,35.48869953155517,0,
2022,0,Andaman & Nicobar,28.919628143310547,30.388516521453855,0,
2022,1,Andhra Pradesh,35.845970153808594,38.82330913543701,18,109.0
2022,2,Assam,28.673381805419922,32.55190639495849,0,
2022,3,Chandigarh,35.355140686035156,41.88685913085937,36,100.0
2022,4,Dadra and Nagar Haveli,35.212615966796875,39.1260082244873,17,73.0
2022,5,Delhi,37.560508728027344,43.15303897857666,73,88.0
2022,6,Gujarat,37.72673797607422,40.50894470214844,66,74.0
2022,7,Haryana,37.64075469970703,42.96657524108887,72,88.0
2022,8,Himachal Pradesh,13.373717308044434,19.284446430206298,0,
2022,9,Jammu and Kashmir,3.833873987197876,11.434897661209101,0,
2022,10,Kerala,29.408029556274414,33.833795547485344,0,
2022,12,Maharashtra,36.4512825012207,39.74520969390869,55,76.0
2022,13,Manipur,26.459646224975586,29.95172653198242,0,
2022,14,Meghalaya,26.645193099975586,29.88244524002075,0,
2022,15,Karnataka,32.336463928222656,35.78062839508056,0,
2022,16,Nagaland,24.909347534179688,27.911221790313718,0,
2022,17,Orissa,35.441734313964844,38.382799530029295,14,108.0
2022,18,Pondicherry,32.40690994262695,34.4856294631958,0,
2022,19,Punjab,36.68905258178711,42.87666645050049,57,97.0
2022,20,Rajasthan,38.7977180480957,43.31761512756347,90,75.0
2022,21,Tamil Nadu,33.61677169799805,35.99651203155518,0,
2022,22,Tripura,31.555137634277344,34.97881927490234,0,
2022,23,West Bengal,33.348838806152344,36.34171504974365,0,
2022,24,Sikkim,10.137969017028809,13.287225103378296,0,
2022,25,Arunachal Pradesh,17.43154525756836,20.83247957229614,0,
2022,26,Mizoram,29.550127029418945,33.24085941314697,0,
2022,27,Daman and Diu,34.80851364135742,38.32666873931885,9,87.0
2022,28,Goa,31.675203323364258,35.60431022644043,0,
2022,29,Bihar,35.229305267333984,39.363318061828615,24,94.0
2022,30,Madhya Pradesh,37.292789459228516,41.18125495910645,68,88.0
2022,31,Uttar Pradesh,33.995025634765625,38.4139217376709,16,118.0
2023,0,Andaman & Nicobar,29.886384963989258,31.499989223480224,0,
2023,1,Andhra Pradesh,35.75269317626953,39.3071834564209,38,102.0
2023,2,Assam,29.454620361328125,34.161588668823235,0,
2023,3,Chandigarh,32.107643127441406,39.303900146484374,16,107.0
2023,4,Dadra and Nagar Haveli,34.318504333496094,38.40516185760498,9,100.0
2023,5,Delhi,33.86484146118164,41.082625770568846,26,104.0
2023,6,Gujarat,35.57482147216797,39.12963809967041,29,107.0
2023,7,Haryana,33.594173431396484,40.38342342376709,23,105.0
2023,8,Himachal Pradesh,9.394984245300293,16.425056743621823,0,
2023,9,Jammu and Kashmir,0.46553099155426025,10.720108222961425,0,
2023,10,Kerala,30.770204544067383,33.8532600402832,0,
2023,12,Maharashtra,35.053890228271484,39.13374538421631,26,102.0
2023,13,Manipur,27.517305374145508,31.81671915054321,0,
2023,14,Meghalaya,27.364675521850586,31.414648723602294,0,
2023,15,Karnataka,33.445587158203125,36.30321922302246,0,
2023,16,Nagaland,25.181903839111328,29.100815296173096,0,
2023,17,Orissa,34.86104965209961,39.369524765014646,29,103.0
2023,18,Pondicherry,32.494598388671875,35.91821804046631,0,
2023,19,Punjab,32.73938751220703,39.838132286071776,21,132.0
2023,20,Rajasthan,35.02093505859375,41.25527610778808,31,104.0
2023,21,Tamil Nadu,34.01482391357422,36.657120323181154,0,
2023,22,Tripura,32.43134307861328,36.86355743408203,2,106.0
2023,23,West Bengal,34.080894470214844,38.778159332275386,16,103.0
2023,24,Sikkim,8.790658950805664,13.946177768707274,0,
2023,25,Arunachal Pradesh,16.742551803588867,22.916124248504637,0,
2023,26,Mizoram,30.385746002197266,35.21921977996826,0,
2023,27,Daman and Diu,33.643348693847656,37.60035858154296,3,130.0
2023,28,Goa,32.95073699951172,36.32532939910889,0,
2023,29,Bihar,35.22000503540039,40.77301368713379,40,103.0
2023,30,Madhya Pradesh,34.87604522705078,39.59056224822998,37,103.0
2023,31,Uttar Pradesh,31.540782928466797,37.5301097869873,1,164.0
